Course code	Course title	Unit	Level	Lesson	Challenge type	Prompt	Correct answer
MRLC-MALAY-SPEAKING-A1-C1-V1	Malay Speaking: Beginner to Advanced	A1 · Unit 1: Greetings and Introductions	A1	Vocabulary Sprint	SELECT	Which Malay word or phrase means “hello”? Listen, choose, and say it aloud.	hai
MRLC-MALAY-SPEAKING-A1-C1-V1	Malay Speaking: Beginner to Advanced	A1 · Unit 1: Greetings and Introductions	A1	Vocabulary Sprint	SELECT	Which Malay word or phrase means “good morning”? Listen, choose, and say it aloud.	selamat pagi
MRLC-MALAY-SPEAKING-A1-C1-V1	Malay Speaking: Beginner to Advanced	A1 · Unit 1: Greetings and Introductions	A1	Vocabulary Sprint	SELECT	Which Malay word or phrase means “good afternoon”? Listen, choose, and say it aloud.	selamat tengah hari
MRLC-MALAY-SPEAKING-A1-C1-V1	Malay Speaking: Beginner to Advanced	A1 · Unit 1: Greetings and Introductions	A1	Vocabulary Sprint	ASSIST	Which Malay word or phrase means “good evening”? Listen, choose, and say it aloud.	selamat petang
MRLC-MALAY-SPEAKING-A1-C1-V1	Malay Speaking: Beginner to Advanced	A1 · Unit 1: Greetings and Introductions	A1	Vocabulary Sprint	SELECT	Which Malay word or phrase means “good night”? Listen, choose, and say it aloud.	selamat malam
MRLC-MALAY-SPEAKING-A1-C1-V1	Malay Speaking: Beginner to Advanced	A1 · Unit 1: Greetings and Introductions	A1	Vocabulary Sprint	SELECT	Which Malay word or phrase means “thank you”? Listen, choose, and say it aloud.	terima kasih
MRLC-MALAY-SPEAKING-A1-C1-V1	Malay Speaking: Beginner to Advanced	A1 · Unit 1: Greetings and Introductions	A1	Vocabulary Sprint	SELECT	Which Malay word or phrase means “please / help”? Listen, choose, and say it aloud.	tolong
MRLC-MALAY-SPEAKING-A1-C1-V1	Malay Speaking: Beginner to Advanced	A1 · Unit 1: Greetings and Introductions	A1	Vocabulary Sprint	ASSIST	Which Malay word or phrase means “sorry”? Listen, choose, and say it aloud.	maaf
MRLC-MALAY-SPEAKING-A1-C1-V1	Malay Speaking: Beginner to Advanced	A1 · Unit 1: Greetings and Introductions	A1	Vocabulary Sprint	SELECT	Which Malay word or phrase means “excuse me; may I ask”? Listen, choose, and say it aloud.	tumpang tanya
MRLC-MALAY-SPEAKING-A1-C1-V1	Malay Speaking: Beginner to Advanced	A1 · Unit 1: Greetings and Introductions	A1	Vocabulary Sprint	SELECT	Which Malay word or phrase means “see you again”? Listen, choose, and say it aloud.	jumpa lagi
MRLC-MALAY-SPEAKING-A1-C1-V1	Malay Speaking: Beginner to Advanced	A1 · Unit 1: Greetings and Introductions	A1	Daily Speaking Sentences	SELECT	SPEAKING SCENARIO / Ask a new friend for their name. / Choose the best Malay response, then say it aloud.	Nama awak siapa?
MRLC-MALAY-SPEAKING-A1-C1-V1	Malay Speaking: Beginner to Advanced	A1 · Unit 1: Greetings and Introductions	A1	Daily Speaking Sentences	SELECT	SPEAKING SCENARIO / Introduce yourself as Amina. / Choose the best Malay response, then say it aloud.	Nama saya Amina.
MRLC-MALAY-SPEAKING-A1-C1-V1	Malay Speaking: Beginner to Advanced	A1 · Unit 1: Greetings and Introductions	A1	Daily Speaking Sentences	ASSIST	SPEAKING SCENARIO / Ask how someone is. / Choose the best Malay response, then say it aloud.	Apa khabar?
MRLC-MALAY-SPEAKING-A1-C1-V1	Malay Speaking: Beginner to Advanced	A1 · Unit 1: Greetings and Introductions	A1	Daily Speaking Sentences	SELECT	SPEAKING SCENARIO / Say that you are well and thank the person. / Choose the best Malay response, then say it aloud.	Khabar baik, terima kasih.
MRLC-MALAY-SPEAKING-A1-C1-V1	Malay Speaking: Beginner to Advanced	A1 · Unit 1: Greetings and Introductions	A1	Daily Speaking Sentences	SELECT	SPEAKING SCENARIO / Ask where someone is from. / Choose the best Malay response, then say it aloud.	Awak dari mana?
MRLC-MALAY-SPEAKING-A1-C1-V1	Malay Speaking: Beginner to Advanced	A1 · Unit 1: Greetings and Introductions	A1	Daily Speaking Sentences	ASSIST	SPEAKING SCENARIO / Say that you are from Myanmar. / Choose the best Malay response, then say it aloud.	Saya dari Myanmar.
MRLC-MALAY-SPEAKING-A1-C1-V1	Malay Speaking: Beginner to Advanced	A1 · Unit 1: Greetings and Introductions	A1	Daily Speaking Sentences	SELECT	SPEAKING SCENARIO / Say that you are pleased to meet someone. / Choose the best Malay response, then say it aloud.	Gembira berkenalan dengan awak.
MRLC-MALAY-SPEAKING-A1-C1-V1	Malay Speaking: Beginner to Advanced	A1 · Unit 1: Greetings and Introductions	A1	Daily Speaking Sentences	SELECT	SPEAKING SCENARIO / Politely ask someone to repeat. / Choose the best Malay response, then say it aloud.	Boleh ulang sekali lagi?
MRLC-MALAY-SPEAKING-A1-C1-V1	Malay Speaking: Beginner to Advanced	A1 · Unit 1: Greetings and Introductions	A1	Scenario Dialogue	SELECT	COMPLETE THE DIALOGUE / A: Apa khabar? / B: ... / Choose the best Malay response, then say it aloud.	Khabar baik, terima kasih.
MRLC-MALAY-SPEAKING-A1-C1-V1	Malay Speaking: Beginner to Advanced	A1 · Unit 1: Greetings and Introductions	A1	Scenario Dialogue	SELECT	COMPLETE THE DIALOGUE / A: Nama awak siapa? / B: ... / Choose the best Malay response, then say it aloud.	Nama saya Farid.
MRLC-MALAY-SPEAKING-A1-C1-V1	Malay Speaking: Beginner to Advanced	A1 · Unit 1: Greetings and Introductions	A1	Scenario Dialogue	ASSIST	COMPLETE THE DIALOGUE / A: Awak dari mana? / B: ... / Choose the best Malay response, then say it aloud.	Saya dari Yangon.
MRLC-MALAY-SPEAKING-A1-C1-V1	Malay Speaking: Beginner to Advanced	A1 · Unit 1: Greetings and Introductions	A1	Scenario Dialogue	SELECT	COMPLETE THE DIALOGUE / A: Gembira berkenalan dengan awak. / B: ... / Choose the best Malay response, then say it aloud.	Saya pun gembira berkenalan dengan awak.
MRLC-MALAY-SPEAKING-A1-C1-V1	Malay Speaking: Beginner to Advanced	A1 · Unit 1: Greetings and Introductions	A1	Scenario Dialogue	SELECT	COMPLETE THE DIALOGUE / A: Maaf, saya tidak dengar. / B: ... / Choose the best Malay response, then say it aloud.	Baik, saya akan ulang.
MRLC-MALAY-SPEAKING-A1-C1-V1	Malay Speaking: Beginner to Advanced	A1 · Unit 1: Greetings and Introductions	A1	Scenario Dialogue	ASSIST	COMPLETE THE DIALOGUE / A: Jumpa lagi esok. / B: ... / Choose the best Malay response, then say it aloud.	Baik, jumpa lagi.
MRLC-MALAY-SPEAKING-A1-C1-V1	Malay Speaking: Beginner to Advanced	A1 · Unit 1: Greetings and Introductions	A1	Sentence Workshop	SELECT	SENTENCE PRACTICE / Choose the best Malay sentence for “My name is Ali.” / Choose the best Malay response, then say it aloud.	Nama saya Ali.
MRLC-MALAY-SPEAKING-A1-C1-V1	Malay Speaking: Beginner to Advanced	A1 · Unit 1: Greetings and Introductions	A1	Sentence Workshop	SELECT	SENTENCE PRACTICE / Choose the best Malay sentence for “Are you a teacher?” / Choose the best Malay response, then say it aloud.	Awak seorang guru?
MRLC-MALAY-SPEAKING-A1-C1-V1	Malay Speaking: Beginner to Advanced	A1 · Unit 1: Greetings and Introductions	A1	Sentence Workshop	ASSIST	SENTENCE PRACTICE / Choose the best Malay sentence for “This is my friend.” / Choose the best Malay response, then say it aloud.	Ini kawan saya.
MRLC-MALAY-SPEAKING-A1-C1-V1	Malay Speaking: Beginner to Advanced	A1 · Unit 1: Greetings and Introductions	A1	Sentence Workshop	SELECT	SENTENCE PRACTICE / Choose the best Malay sentence for “What is her name?” / Choose the best Malay response, then say it aloud.	Nama dia siapa?
MRLC-MALAY-SPEAKING-A1-C1-V1	Malay Speaking: Beginner to Advanced	A1 · Unit 1: Greetings and Introductions	A1	Sentence Workshop	SELECT	SENTENCE PRACTICE / Choose the best Malay sentence for “I am not Malaysian.” / Choose the best Malay response, then say it aloud.	Saya bukan orang Malaysia.
MRLC-MALAY-SPEAKING-A1-C1-V1	Malay Speaking: Beginner to Advanced	A1 · Unit 1: Greetings and Introductions	A1	Sentence Workshop	ASSIST	SENTENCE PRACTICE / Choose the best Malay sentence for “He is from Thailand.” / Choose the best Malay response, then say it aloud.	Dia dari Thailand.
MRLC-MALAY-SPEAKING-A1-C1-V1	Malay Speaking: Beginner to Advanced	A1 · Unit 1: Greetings and Introductions	A1	Sentence Workshop	SELECT	SENTENCE PRACTICE / Choose the best Malay sentence for “We are students.” / Choose the best Malay response, then say it aloud.	Kami pelajar.
MRLC-MALAY-SPEAKING-A1-C1-V1	Malay Speaking: Beginner to Advanced	A1 · Unit 1: Greetings and Introductions	A1	Sentence Workshop	SELECT	SENTENCE PRACTICE / Choose the best Malay sentence for “Thank you very much.” / Choose the best Malay response, then say it aloud.	Terima kasih banyak-banyak.
MRLC-MALAY-SPEAKING-A1-C1-V1	Malay Speaking: Beginner to Advanced	A1 · Unit 2: Family, Time and Daily Routine	A1	Vocabulary Sprint	SELECT	Which Malay word or phrase means “family”? Listen, choose, and say it aloud.	keluarga
MRLC-MALAY-SPEAKING-A1-C1-V1	Malay Speaking: Beginner to Advanced	A1 · Unit 2: Family, Time and Daily Routine	A1	Vocabulary Sprint	SELECT	Which Malay word or phrase means “mother”? Listen, choose, and say it aloud.	ibu
MRLC-MALAY-SPEAKING-A1-C1-V1	Malay Speaking: Beginner to Advanced	A1 · Unit 2: Family, Time and Daily Routine	A1	Vocabulary Sprint	SELECT	Which Malay word or phrase means “father”? Listen, choose, and say it aloud.	bapa
MRLC-MALAY-SPEAKING-A1-C1-V1	Malay Speaking: Beginner to Advanced	A1 · Unit 2: Family, Time and Daily Routine	A1	Vocabulary Sprint	ASSIST	Which Malay word or phrase means “younger sibling”? Listen, choose, and say it aloud.	adik
MRLC-MALAY-SPEAKING-A1-C1-V1	Malay Speaking: Beginner to Advanced	A1 · Unit 2: Family, Time and Daily Routine	A1	Vocabulary Sprint	SELECT	Which Malay word or phrase means “home / house”? Listen, choose, and say it aloud.	rumah
MRLC-MALAY-SPEAKING-A1-C1-V1	Malay Speaking: Beginner to Advanced	A1 · Unit 2: Family, Time and Daily Routine	A1	Vocabulary Sprint	SELECT	Which Malay word or phrase means “wake up”? Listen, choose, and say it aloud.	bangun
MRLC-MALAY-SPEAKING-A1-C1-V1	Malay Speaking: Beginner to Advanced	A1 · Unit 2: Family, Time and Daily Routine	A1	Vocabulary Sprint	SELECT	Which Malay word or phrase means “breakfast”? Listen, choose, and say it aloud.	sarapan
MRLC-MALAY-SPEAKING-A1-C1-V1	Malay Speaking: Beginner to Advanced	A1 · Unit 2: Family, Time and Daily Routine	A1	Vocabulary Sprint	ASSIST	Which Malay word or phrase means “work”? Listen, choose, and say it aloud.	bekerja
MRLC-MALAY-SPEAKING-A1-C1-V1	Malay Speaking: Beginner to Advanced	A1 · Unit 2: Family, Time and Daily Routine	A1	Vocabulary Sprint	SELECT	Which Malay word or phrase means “o'clock / time marker”? Listen, choose, and say it aloud.	pukul
MRLC-MALAY-SPEAKING-A1-C1-V1	Malay Speaking: Beginner to Advanced	A1 · Unit 2: Family, Time and Daily Routine	A1	Vocabulary Sprint	SELECT	Which Malay word or phrase means “sleep”? Listen, choose, and say it aloud.	tidur
MRLC-MALAY-SPEAKING-A1-C1-V1	Malay Speaking: Beginner to Advanced	A1 · Unit 2: Family, Time and Daily Routine	A1	Daily Speaking Sentences	SELECT	SPEAKING SCENARIO / Say that you wake up at seven. / Choose the best Malay response, then say it aloud.	Saya bangun pada pukul tujuh.
MRLC-MALAY-SPEAKING-A1-C1-V1	Malay Speaking: Beginner to Advanced	A1 · Unit 2: Family, Time and Daily Routine	A1	Daily Speaking Sentences	SELECT	SPEAKING SCENARIO / Say that you live with your parents. / Choose the best Malay response, then say it aloud.	Saya tinggal bersama ibu bapa saya.
MRLC-MALAY-SPEAKING-A1-C1-V1	Malay Speaking: Beginner to Advanced	A1 · Unit 2: Family, Time and Daily Routine	A1	Daily Speaking Sentences	ASSIST	SPEAKING SCENARIO / Say that you eat breakfast before work. / Choose the best Malay response, then say it aloud.	Saya bersarapan sebelum pergi kerja.
MRLC-MALAY-SPEAKING-A1-C1-V1	Malay Speaking: Beginner to Advanced	A1 · Unit 2: Family, Time and Daily Routine	A1	Daily Speaking Sentences	SELECT	SPEAKING SCENARIO / Say that you go to class every day. / Choose the best Malay response, then say it aloud.	Saya pergi ke kelas setiap hari.
MRLC-MALAY-SPEAKING-A1-C1-V1	Malay Speaking: Beginner to Advanced	A1 · Unit 2: Family, Time and Daily Routine	A1	Daily Speaking Sentences	SELECT	SPEAKING SCENARIO / Ask what time it is. / Choose the best Malay response, then say it aloud.	Pukul berapa sekarang?
MRLC-MALAY-SPEAKING-A1-C1-V1	Malay Speaking: Beginner to Advanced	A1 · Unit 2: Family, Time and Daily Routine	A1	Daily Speaking Sentences	ASSIST	SPEAKING SCENARIO / Say that it is half past two. / Choose the best Malay response, then say it aloud.	Sekarang pukul dua setengah.
MRLC-MALAY-SPEAKING-A1-C1-V1	Malay Speaking: Beginner to Advanced	A1 · Unit 2: Family, Time and Daily Routine	A1	Daily Speaking Sentences	SELECT	SPEAKING SCENARIO / Ask what day it is today. / Choose the best Malay response, then say it aloud.	Hari ini hari apa?
MRLC-MALAY-SPEAKING-A1-C1-V1	Malay Speaking: Beginner to Advanced	A1 · Unit 2: Family, Time and Daily Routine	A1	Daily Speaking Sentences	SELECT	SPEAKING SCENARIO / Say that you usually sleep early. / Choose the best Malay response, then say it aloud.	Saya biasanya tidur awal.
MRLC-MALAY-SPEAKING-A1-C1-V1	Malay Speaking: Beginner to Advanced	A1 · Unit 2: Family, Time and Daily Routine	A1	Scenario Dialogue	SELECT	COMPLETE THE DIALOGUE / A: Pukul berapa awak bangun? / B: ... / Choose the best Malay response, then say it aloud.	Saya bangun pada pukul enam setengah.
MRLC-MALAY-SPEAKING-A1-C1-V1	Malay Speaking: Beginner to Advanced	A1 · Unit 2: Family, Time and Daily Routine	A1	Scenario Dialogue	SELECT	COMPLETE THE DIALOGUE / A: Awak tinggal dengan siapa? / B: ... / Choose the best Malay response, then say it aloud.	Saya tinggal bersama keluarga saya.
MRLC-MALAY-SPEAKING-A1-C1-V1	Malay Speaking: Beginner to Advanced	A1 · Unit 2: Family, Time and Daily Routine	A1	Scenario Dialogue	ASSIST	COMPLETE THE DIALOGUE / A: Hari ini hari apa? / B: ... / Choose the best Malay response, then say it aloud.	Hari ini hari Selasa.
MRLC-MALAY-SPEAKING-A1-C1-V1	Malay Speaking: Beginner to Advanced	A1 · Unit 2: Family, Time and Daily Routine	A1	Scenario Dialogue	SELECT	COMPLETE THE DIALOGUE / A: Awak bekerja pada hari Sabtu? / B: ... / Choose the best Malay response, then say it aloud.	Tidak, saya bercuti pada hari Sabtu.
MRLC-MALAY-SPEAKING-A1-C1-V1	Malay Speaking: Beginner to Advanced	A1 · Unit 2: Family, Time and Daily Routine	A1	Scenario Dialogue	SELECT	COMPLETE THE DIALOGUE / A: Selepas kelas, awak buat apa? / B: ... / Choose the best Malay response, then say it aloud.	Saya pulang ke rumah dan berehat.
MRLC-MALAY-SPEAKING-A1-C1-V1	Malay Speaking: Beginner to Advanced	A1 · Unit 2: Family, Time and Daily Routine	A1	Scenario Dialogue	ASSIST	COMPLETE THE DIALOGUE / A: Bila awak makan malam? / B: ... / Choose the best Malay response, then say it aloud.	Saya makan malam pada pukul tujuh.
MRLC-MALAY-SPEAKING-A1-C1-V1	Malay Speaking: Beginner to Advanced	A1 · Unit 2: Family, Time and Daily Routine	A1	Sentence Workshop	SELECT	SENTENCE PRACTICE / Choose the Malay phrase for “every morning.” / Choose the best Malay response, then say it aloud.	setiap pagi
MRLC-MALAY-SPEAKING-A1-C1-V1	Malay Speaking: Beginner to Advanced	A1 · Unit 2: Family, Time and Daily Routine	A1	Sentence Workshop	SELECT	SENTENCE PRACTICE / Choose the Malay phrase for “my younger sibling.” / Choose the best Malay response, then say it aloud.	adik saya
MRLC-MALAY-SPEAKING-A1-C1-V1	Malay Speaking: Beginner to Advanced	A1 · Unit 2: Family, Time and Daily Routine	A1	Sentence Workshop	ASSIST	SENTENCE PRACTICE / Choose the Malay phrase for “before dinner.” / Choose the best Malay response, then say it aloud.	sebelum makan malam
MRLC-MALAY-SPEAKING-A1-C1-V1	Malay Speaking: Beginner to Advanced	A1 · Unit 2: Family, Time and Daily Routine	A1	Sentence Workshop	SELECT	SENTENCE PRACTICE / Choose the Malay phrase for “after work.” / Choose the best Malay response, then say it aloud.	selepas kerja
MRLC-MALAY-SPEAKING-A1-C1-V1	Malay Speaking: Beginner to Advanced	A1 · Unit 2: Family, Time and Daily Routine	A1	Sentence Workshop	SELECT	SENTENCE PRACTICE / Choose the Malay phrase for “at eight o'clock.” / Choose the best Malay response, then say it aloud.	pada pukul lapan
MRLC-MALAY-SPEAKING-A1-C1-V1	Malay Speaking: Beginner to Advanced	A1 · Unit 2: Family, Time and Daily Routine	A1	Sentence Workshop	ASSIST	SENTENCE PRACTICE / Choose the best Malay sentence for “Today is Friday.” / Choose the best Malay response, then say it aloud.	Hari ini hari Jumaat.
MRLC-MALAY-SPEAKING-A1-C1-V1	Malay Speaking: Beginner to Advanced	A1 · Unit 2: Family, Time and Daily Routine	A1	Sentence Workshop	SELECT	SENTENCE PRACTICE / Choose the best Malay sentence for “I usually cook at home.” / Choose the best Malay response, then say it aloud.	Saya biasanya memasak di rumah.
MRLC-MALAY-SPEAKING-A1-C1-V1	Malay Speaking: Beginner to Advanced	A1 · Unit 2: Family, Time and Daily Routine	A1	Sentence Workshop	SELECT	SENTENCE PRACTICE / Choose the best Malay sentence for “We visit our family on Sunday.” / Choose the best Malay response, then say it aloud.	Kami melawat keluarga pada hari Ahad.
MRLC-MALAY-SPEAKING-A1-C1-V1	Malay Speaking: Beginner to Advanced	A2 · Unit 3: Food and Eating Out	A2	Vocabulary Sprint	SELECT	Which Malay word or phrase means “rice”? Listen, choose, and say it aloud.	nasi
MRLC-MALAY-SPEAKING-A1-C1-V1	Malay Speaking: Beginner to Advanced	A2 · Unit 3: Food and Eating Out	A2	Vocabulary Sprint	SELECT	Which Malay word or phrase means “water / drink”? Listen, choose, and say it aloud.	air
MRLC-MALAY-SPEAKING-A1-C1-V1	Malay Speaking: Beginner to Advanced	A2 · Unit 3: Food and Eating Out	A2	Vocabulary Sprint	SELECT	Which Malay word or phrase means “chicken”? Listen, choose, and say it aloud.	ayam
MRLC-MALAY-SPEAKING-A1-C1-V1	Malay Speaking: Beginner to Advanced	A2 · Unit 3: Food and Eating Out	A2	Vocabulary Sprint	ASSIST	Which Malay word or phrase means “fish”? Listen, choose, and say it aloud.	ikan
MRLC-MALAY-SPEAKING-A1-C1-V1	Malay Speaking: Beginner to Advanced	A2 · Unit 3: Food and Eating Out	A2	Vocabulary Sprint	SELECT	Which Malay word or phrase means “vegetables”? Listen, choose, and say it aloud.	sayur
MRLC-MALAY-SPEAKING-A1-C1-V1	Malay Speaking: Beginner to Advanced	A2 · Unit 3: Food and Eating Out	A2	Vocabulary Sprint	SELECT	Which Malay word or phrase means “spicy”? Listen, choose, and say it aloud.	pedas
MRLC-MALAY-SPEAKING-A1-C1-V1	Malay Speaking: Beginner to Advanced	A2 · Unit 3: Food and Eating Out	A2	Vocabulary Sprint	SELECT	Which Malay word or phrase means “sweet”? Listen, choose, and say it aloud.	manis
MRLC-MALAY-SPEAKING-A1-C1-V1	Malay Speaking: Beginner to Advanced	A2 · Unit 3: Food and Eating Out	A2	Vocabulary Sprint	ASSIST	Which Malay word or phrase means “hungry”? Listen, choose, and say it aloud.	lapar
MRLC-MALAY-SPEAKING-A1-C1-V1	Malay Speaking: Beginner to Advanced	A2 · Unit 3: Food and Eating Out	A2	Vocabulary Sprint	SELECT	Which Malay word or phrase means “thirsty”? Listen, choose, and say it aloud.	dahaga
MRLC-MALAY-SPEAKING-A1-C1-V1	Malay Speaking: Beginner to Advanced	A2 · Unit 3: Food and Eating Out	A2	Vocabulary Sprint	SELECT	Which Malay word or phrase means “menu”? Listen, choose, and say it aloud.	menu
MRLC-MALAY-SPEAKING-A1-C1-V1	Malay Speaking: Beginner to Advanced	A2 · Unit 3: Food and Eating Out	A2	Daily Speaking Sentences	SELECT	SPEAKING SCENARIO / Ask to see the menu. / Choose the best Malay response, then say it aloud.	Boleh saya lihat menu?
MRLC-MALAY-SPEAKING-A1-C1-V1	Malay Speaking: Beginner to Advanced	A2 · Unit 3: Food and Eating Out	A2	Daily Speaking Sentences	SELECT	SPEAKING SCENARIO / Order chicken rice and water. / Choose the best Malay response, then say it aloud.	Saya mahu nasi ayam dan air kosong.
MRLC-MALAY-SPEAKING-A1-C1-V1	Malay Speaking: Beginner to Advanced	A2 · Unit 3: Food and Eating Out	A2	Daily Speaking Sentences	ASSIST	SPEAKING SCENARIO / Ask for the food not to be too spicy. / Choose the best Malay response, then say it aloud.	Tolong jangan terlalu pedas.
MRLC-MALAY-SPEAKING-A1-C1-V1	Malay Speaking: Beginner to Advanced	A2 · Unit 3: Food and Eating Out	A2	Daily Speaking Sentences	SELECT	SPEAKING SCENARIO / Say that you do not eat meat. / Choose the best Malay response, then say it aloud.	Saya tidak makan daging.
MRLC-MALAY-SPEAKING-A1-C1-V1	Malay Speaking: Beginner to Advanced	A2 · Unit 3: Food and Eating Out	A2	Daily Speaking Sentences	SELECT	SPEAKING SCENARIO / Ask whether vegetarian food is available. / Choose the best Malay response, then say it aloud.	Ada makanan vegetarian?
MRLC-MALAY-SPEAKING-A1-C1-V1	Malay Speaking: Beginner to Advanced	A2 · Unit 3: Food and Eating Out	A2	Daily Speaking Sentences	ASSIST	SPEAKING SCENARIO / Ask for takeaway. / Choose the best Malay response, then say it aloud.	Boleh bungkus?
MRLC-MALAY-SPEAKING-A1-C1-V1	Malay Speaking: Beginner to Advanced	A2 · Unit 3: Food and Eating Out	A2	Daily Speaking Sentences	SELECT	SPEAKING SCENARIO / Ask for the bill. / Choose the best Malay response, then say it aloud.	Boleh saya minta bil?
MRLC-MALAY-SPEAKING-A1-C1-V1	Malay Speaking: Beginner to Advanced	A2 · Unit 3: Food and Eating Out	A2	Daily Speaking Sentences	SELECT	SPEAKING SCENARIO / Ask how much the total is. / Choose the best Malay response, then say it aloud.	Berapa jumlah semuanya?
MRLC-MALAY-SPEAKING-A1-C1-V1	Malay Speaking: Beginner to Advanced	A2 · Unit 3: Food and Eating Out	A2	Scenario Dialogue	SELECT	COMPLETE THE DIALOGUE / Pelayan: Selamat datang. Mahu pesan apa? / Pelanggan: ... / Choose the best Malay response, then say it aloud.	Saya mahu mi goreng dan teh ais.
MRLC-MALAY-SPEAKING-A1-C1-V1	Malay Speaking: Beginner to Advanced	A2 · Unit 3: Food and Eating Out	A2	Scenario Dialogue	SELECT	COMPLETE THE DIALOGUE / Pelayan: Mahu pedas? / Pelanggan: ... / Choose the best Malay response, then say it aloud.	Sedikit pedas sahaja.
MRLC-MALAY-SPEAKING-A1-C1-V1	Malay Speaking: Beginner to Advanced	A2 · Unit 3: Food and Eating Out	A2	Scenario Dialogue	ASSIST	COMPLETE THE DIALOGUE / Pelanggan: Ada makanan vegetarian? / Pelayan: ... / Choose the best Malay response, then say it aloud.	Ya, kami ada nasi goreng sayur.
MRLC-MALAY-SPEAKING-A1-C1-V1	Malay Speaking: Beginner to Advanced	A2 · Unit 3: Food and Eating Out	A2	Scenario Dialogue	SELECT	COMPLETE THE DIALOGUE / Pelayan: Makan di sini atau bungkus? / Pelanggan: ... / Choose the best Malay response, then say it aloud.	Bungkus, terima kasih.
MRLC-MALAY-SPEAKING-A1-C1-V1	Malay Speaking: Beginner to Advanced	A2 · Unit 3: Food and Eating Out	A2	Scenario Dialogue	SELECT	COMPLETE THE DIALOGUE / Pelanggan: Maaf, pesanan saya belum sampai. / Pelayan: ... / Choose the best Malay response, then say it aloud.	Maaf, saya akan periksa sekarang.
MRLC-MALAY-SPEAKING-A1-C1-V1	Malay Speaking: Beginner to Advanced	A2 · Unit 3: Food and Eating Out	A2	Scenario Dialogue	ASSIST	COMPLETE THE DIALOGUE / Pelanggan: Boleh saya minta bil? / Pelayan: ... / Choose the best Malay response, then say it aloud.	Boleh, saya bawakan sekarang.
MRLC-MALAY-SPEAKING-A1-C1-V1	Malay Speaking: Beginner to Advanced	A2 · Unit 3: Food and Eating Out	A2	Sentence Workshop	SELECT	SENTENCE PRACTICE / Choose the best phrase for “one glass of water.” / Choose the best Malay response, then say it aloud.	segelas air
MRLC-MALAY-SPEAKING-A1-C1-V1	Malay Speaking: Beginner to Advanced	A2 · Unit 3: Food and Eating Out	A2	Sentence Workshop	SELECT	SENTENCE PRACTICE / Choose the best phrase for “a plate of rice.” / Choose the best Malay response, then say it aloud.	sepinggan nasi
MRLC-MALAY-SPEAKING-A1-C1-V1	Malay Speaking: Beginner to Advanced	A2 · Unit 3: Food and Eating Out	A2	Sentence Workshop	ASSIST	SENTENCE PRACTICE / Choose the best Malay sentence for “I would like less sugar.” / Choose the best Malay response, then say it aloud.	Saya mahu kurang gula.
MRLC-MALAY-SPEAKING-A1-C1-V1	Malay Speaking: Beginner to Advanced	A2 · Unit 3: Food and Eating Out	A2	Sentence Workshop	SELECT	SENTENCE PRACTICE / Choose the best Malay sentence for “This soup is too salty.” / Choose the best Malay response, then say it aloud.	Sup ini terlalu masin.
MRLC-MALAY-SPEAKING-A1-C1-V1	Malay Speaking: Beginner to Advanced	A2 · Unit 3: Food and Eating Out	A2	Sentence Workshop	SELECT	SENTENCE PRACTICE / Choose the best Malay sentence for “Do you have halal food?” / Choose the best Malay response, then say it aloud.	Ada makanan halal?
MRLC-MALAY-SPEAKING-A1-C1-V1	Malay Speaking: Beginner to Advanced	A2 · Unit 3: Food and Eating Out	A2	Sentence Workshop	ASSIST	SENTENCE PRACTICE / Choose the best Malay sentence for “I am allergic to peanuts.” / Choose the best Malay response, then say it aloud.	Saya alah kepada kacang tanah.
MRLC-MALAY-SPEAKING-A1-C1-V1	Malay Speaking: Beginner to Advanced	A2 · Unit 3: Food and Eating Out	A2	Sentence Workshop	SELECT	SENTENCE PRACTICE / Choose the best Malay sentence for “The food is delicious.” / Choose the best Malay response, then say it aloud.	Makanan ini sedap.
MRLC-MALAY-SPEAKING-A1-C1-V1	Malay Speaking: Beginner to Advanced	A2 · Unit 3: Food and Eating Out	A2	Sentence Workshop	SELECT	SENTENCE PRACTICE / Choose the best Malay sentence for “Please bring two spoons.” / Choose the best Malay response, then say it aloud.	Tolong bawakan dua sudu.
MRLC-MALAY-SPEAKING-A1-C1-V1	Malay Speaking: Beginner to Advanced	A2 · Unit 4: Shopping, Money and Directions	A2	Vocabulary Sprint	SELECT	Which Malay word or phrase means “price”? Listen, choose, and say it aloud.	harga
MRLC-MALAY-SPEAKING-A1-C1-V1	Malay Speaking: Beginner to Advanced	A2 · Unit 4: Shopping, Money and Directions	A2	Vocabulary Sprint	SELECT	Which Malay word or phrase means “cheap”? Listen, choose, and say it aloud.	murah
MRLC-MALAY-SPEAKING-A1-C1-V1	Malay Speaking: Beginner to Advanced	A2 · Unit 4: Shopping, Money and Directions	A2	Vocabulary Sprint	SELECT	Which Malay word or phrase means “expensive”? Listen, choose, and say it aloud.	mahal
MRLC-MALAY-SPEAKING-A1-C1-V1	Malay Speaking: Beginner to Advanced	A2 · Unit 4: Shopping, Money and Directions	A2	Vocabulary Sprint	ASSIST	Which Malay word or phrase means “cash”? Listen, choose, and say it aloud.	tunai
MRLC-MALAY-SPEAKING-A1-C1-V1	Malay Speaking: Beginner to Advanced	A2 · Unit 4: Shopping, Money and Directions	A2	Vocabulary Sprint	SELECT	Which Malay word or phrase means “card”? Listen, choose, and say it aloud.	kad
MRLC-MALAY-SPEAKING-A1-C1-V1	Malay Speaking: Beginner to Advanced	A2 · Unit 4: Shopping, Money and Directions	A2	Vocabulary Sprint	SELECT	Which Malay word or phrase means “receipt”? Listen, choose, and say it aloud.	resit
MRLC-MALAY-SPEAKING-A1-C1-V1	Malay Speaking: Beginner to Advanced	A2 · Unit 4: Shopping, Money and Directions	A2	Vocabulary Sprint	SELECT	Which Malay word or phrase means “shop”? Listen, choose, and say it aloud.	kedai
MRLC-MALAY-SPEAKING-A1-C1-V1	Malay Speaking: Beginner to Advanced	A2 · Unit 4: Shopping, Money and Directions	A2	Vocabulary Sprint	ASSIST	Which Malay word or phrase means “left”? Listen, choose, and say it aloud.	kiri
MRLC-MALAY-SPEAKING-A1-C1-V1	Malay Speaking: Beginner to Advanced	A2 · Unit 4: Shopping, Money and Directions	A2	Vocabulary Sprint	SELECT	Which Malay word or phrase means “right”? Listen, choose, and say it aloud.	kanan
MRLC-MALAY-SPEAKING-A1-C1-V1	Malay Speaking: Beginner to Advanced	A2 · Unit 4: Shopping, Money and Directions	A2	Vocabulary Sprint	SELECT	Which Malay word or phrase means “straight ahead”? Listen, choose, and say it aloud.	terus
MRLC-MALAY-SPEAKING-A1-C1-V1	Malay Speaking: Beginner to Advanced	A2 · Unit 4: Shopping, Money and Directions	A2	Daily Speaking Sentences	SELECT	SPEAKING SCENARIO / Ask the price of an item. / Choose the best Malay response, then say it aloud.	Berapa harganya?
MRLC-MALAY-SPEAKING-A1-C1-V1	Malay Speaking: Beginner to Advanced	A2 · Unit 4: Shopping, Money and Directions	A2	Daily Speaking Sentences	SELECT	SPEAKING SCENARIO / Politely ask whether the price can be reduced. / Choose the best Malay response, then say it aloud.	Boleh kurang sedikit?
MRLC-MALAY-SPEAKING-A1-C1-V1	Malay Speaking: Beginner to Advanced	A2 · Unit 4: Shopping, Money and Directions	A2	Daily Speaking Sentences	ASSIST	SPEAKING SCENARIO / Say that you are only looking. / Choose the best Malay response, then say it aloud.	Saya tengok-tengok sahaja.
MRLC-MALAY-SPEAKING-A1-C1-V1	Malay Speaking: Beginner to Advanced	A2 · Unit 4: Shopping, Money and Directions	A2	Daily Speaking Sentences	SELECT	SPEAKING SCENARIO / Ask for a larger size. / Choose the best Malay response, then say it aloud.	Ada saiz yang lebih besar?
MRLC-MALAY-SPEAKING-A1-C1-V1	Malay Speaking: Beginner to Advanced	A2 · Unit 4: Shopping, Money and Directions	A2	Daily Speaking Sentences	SELECT	SPEAKING SCENARIO / Say that you will pay by card. / Choose the best Malay response, then say it aloud.	Saya mahu bayar dengan kad.
MRLC-MALAY-SPEAKING-A1-C1-V1	Malay Speaking: Beginner to Advanced	A2 · Unit 4: Shopping, Money and Directions	A2	Daily Speaking Sentences	ASSIST	SPEAKING SCENARIO / Ask where the train station is. / Choose the best Malay response, then say it aloud.	Di mana stesen kereta api?
MRLC-MALAY-SPEAKING-A1-C1-V1	Malay Speaking: Beginner to Advanced	A2 · Unit 4: Shopping, Money and Directions	A2	Daily Speaking Sentences	SELECT	SPEAKING SCENARIO / Tell someone to turn left at the traffic light. / Choose the best Malay response, then say it aloud.	Belok kiri di lampu isyarat.
MRLC-MALAY-SPEAKING-A1-C1-V1	Malay Speaking: Beginner to Advanced	A2 · Unit 4: Shopping, Money and Directions	A2	Daily Speaking Sentences	SELECT	SPEAKING SCENARIO / Tell someone to go straight and then turn right. / Choose the best Malay response, then say it aloud.	Jalan terus, kemudian belok kanan.
MRLC-MALAY-SPEAKING-A1-C1-V1	Malay Speaking: Beginner to Advanced	A2 · Unit 4: Shopping, Money and Directions	A2	Scenario Dialogue	SELECT	COMPLETE THE DIALOGUE / Pelanggan: Berapa harga baju ini? / Penjual: ... / Choose the best Malay response, then say it aloud.	Harganya empat puluh ringgit.
MRLC-MALAY-SPEAKING-A1-C1-V1	Malay Speaking: Beginner to Advanced	A2 · Unit 4: Shopping, Money and Directions	A2	Scenario Dialogue	SELECT	COMPLETE THE DIALOGUE / Pelanggan: Ada saiz yang lebih kecil? / Penjual: ... / Choose the best Malay response, then say it aloud.	Ya, saya akan carikan.
MRLC-MALAY-SPEAKING-A1-C1-V1	Malay Speaking: Beginner to Advanced	A2 · Unit 4: Shopping, Money and Directions	A2	Scenario Dialogue	ASSIST	COMPLETE THE DIALOGUE / Penjual: Bayar tunai atau kad? / Pelanggan: ... / Choose the best Malay response, then say it aloud.	Saya bayar dengan kad.
MRLC-MALAY-SPEAKING-A1-C1-V1	Malay Speaking: Beginner to Advanced	A2 · Unit 4: Shopping, Money and Directions	A2	Scenario Dialogue	SELECT	COMPLETE THE DIALOGUE / Pelanggan: Boleh saya dapatkan resit? / Penjual: ... / Choose the best Malay response, then say it aloud.	Boleh, ini resit anda.
MRLC-MALAY-SPEAKING-A1-C1-V1	Malay Speaking: Beginner to Advanced	A2 · Unit 4: Shopping, Money and Directions	A2	Scenario Dialogue	SELECT	COMPLETE THE DIALOGUE / A: Tumpang tanya, di mana bank? / B: ... / Choose the best Malay response, then say it aloud.	Jalan terus dan belok kiri di simpang.
MRLC-MALAY-SPEAKING-A1-C1-V1	Malay Speaking: Beginner to Advanced	A2 · Unit 4: Shopping, Money and Directions	A2	Scenario Dialogue	ASSIST	COMPLETE THE DIALOGUE / A: Jauh dari sini? / B: ... / Choose the best Malay response, then say it aloud.	Tidak jauh, kira-kira lima minit berjalan kaki.
MRLC-MALAY-SPEAKING-A1-C1-V1	Malay Speaking: Beginner to Advanced	A2 · Unit 4: Shopping, Money and Directions	A2	Sentence Workshop	SELECT	SENTENCE PRACTICE / Choose the Malay phrase for “this shirt.” / Choose the best Malay response, then say it aloud.	baju ini
MRLC-MALAY-SPEAKING-A1-C1-V1	Malay Speaking: Beginner to Advanced	A2 · Unit 4: Shopping, Money and Directions	A2	Sentence Workshop	SELECT	SENTENCE PRACTICE / Choose the Malay phrase for “that shop.” / Choose the best Malay response, then say it aloud.	kedai itu
MRLC-MALAY-SPEAKING-A1-C1-V1	Malay Speaking: Beginner to Advanced	A2 · Unit 4: Shopping, Money and Directions	A2	Sentence Workshop	ASSIST	SENTENCE PRACTICE / Choose the best Malay sentence for “This one is cheaper.” / Choose the best Malay response, then say it aloud.	Yang ini lebih murah.
MRLC-MALAY-SPEAKING-A1-C1-V1	Malay Speaking: Beginner to Advanced	A2 · Unit 4: Shopping, Money and Directions	A2	Sentence Workshop	SELECT	SENTENCE PRACTICE / Choose the best Malay sentence for “I need a smaller size.” / Choose the best Malay response, then say it aloud.	Saya perlukan saiz yang lebih kecil.
MRLC-MALAY-SPEAKING-A1-C1-V1	Malay Speaking: Beginner to Advanced	A2 · Unit 4: Shopping, Money and Directions	A2	Sentence Workshop	SELECT	SENTENCE PRACTICE / Choose the best Malay sentence for “The pharmacy is next to the bank.” / Choose the best Malay response, then say it aloud.	Farmasi di sebelah bank.
MRLC-MALAY-SPEAKING-A1-C1-V1	Malay Speaking: Beginner to Advanced	A2 · Unit 4: Shopping, Money and Directions	A2	Sentence Workshop	ASSIST	SENTENCE PRACTICE / Choose the best Malay sentence for “Cross the road carefully.” / Choose the best Malay response, then say it aloud.	Lintas jalan dengan berhati-hati.
MRLC-MALAY-SPEAKING-A1-C1-V1	Malay Speaking: Beginner to Advanced	A2 · Unit 4: Shopping, Money and Directions	A2	Sentence Workshop	SELECT	SENTENCE PRACTICE / Choose the best Malay sentence for “The market is opposite the school.” / Choose the best Malay response, then say it aloud.	Pasar terletak bertentangan dengan sekolah.
MRLC-MALAY-SPEAKING-A1-C1-V1	Malay Speaking: Beginner to Advanced	A2 · Unit 4: Shopping, Money and Directions	A2	Sentence Workshop	SELECT	SENTENCE PRACTICE / Choose the best Malay sentence for “Can I exchange this item?” / Choose the best Malay response, then say it aloud.	Boleh saya tukar barang ini?
MRLC-MALAY-SPEAKING-A1-C1-V1	Malay Speaking: Beginner to Advanced	B1 · Unit 5: Transport, Travel and Accommodation	B1	Vocabulary Sprint	SELECT	Which Malay word or phrase means “bus”? Listen, choose, and say it aloud.	bas
MRLC-MALAY-SPEAKING-A1-C1-V1	Malay Speaking: Beginner to Advanced	B1 · Unit 5: Transport, Travel and Accommodation	B1	Vocabulary Sprint	SELECT	Which Malay word or phrase means “train”? Listen, choose, and say it aloud.	kereta api
MRLC-MALAY-SPEAKING-A1-C1-V1	Malay Speaking: Beginner to Advanced	B1 · Unit 5: Transport, Travel and Accommodation	B1	Vocabulary Sprint	SELECT	Which Malay word or phrase means “taxi”? Listen, choose, and say it aloud.	teksi
MRLC-MALAY-SPEAKING-A1-C1-V1	Malay Speaking: Beginner to Advanced	B1 · Unit 5: Transport, Travel and Accommodation	B1	Vocabulary Sprint	ASSIST	Which Malay word or phrase means “ticket”? Listen, choose, and say it aloud.	tiket
MRLC-MALAY-SPEAKING-A1-C1-V1	Malay Speaking: Beginner to Advanced	B1 · Unit 5: Transport, Travel and Accommodation	B1	Vocabulary Sprint	SELECT	Which Malay word or phrase means “station”? Listen, choose, and say it aloud.	stesen
MRLC-MALAY-SPEAKING-A1-C1-V1	Malay Speaking: Beginner to Advanced	B1 · Unit 5: Transport, Travel and Accommodation	B1	Vocabulary Sprint	SELECT	Which Malay word or phrase means “airport”? Listen, choose, and say it aloud.	lapangan terbang
MRLC-MALAY-SPEAKING-A1-C1-V1	Malay Speaking: Beginner to Advanced	B1 · Unit 5: Transport, Travel and Accommodation	B1	Vocabulary Sprint	SELECT	Which Malay word or phrase means “hotel”? Listen, choose, and say it aloud.	hotel
MRLC-MALAY-SPEAKING-A1-C1-V1	Malay Speaking: Beginner to Advanced	B1 · Unit 5: Transport, Travel and Accommodation	B1	Vocabulary Sprint	ASSIST	Which Malay word or phrase means “room”? Listen, choose, and say it aloud.	bilik
MRLC-MALAY-SPEAKING-A1-C1-V1	Malay Speaking: Beginner to Advanced	B1 · Unit 5: Transport, Travel and Accommodation	B1	Vocabulary Sprint	SELECT	Which Malay word or phrase means “reservation”? Listen, choose, and say it aloud.	tempahan
MRLC-MALAY-SPEAKING-A1-C1-V1	Malay Speaking: Beginner to Advanced	B1 · Unit 5: Transport, Travel and Accommodation	B1	Vocabulary Sprint	SELECT	Which Malay word or phrase means “late”? Listen, choose, and say it aloud.	lewat
MRLC-MALAY-SPEAKING-A1-C1-V1	Malay Speaking: Beginner to Advanced	B1 · Unit 5: Transport, Travel and Accommodation	B1	Daily Speaking Sentences	SELECT	SPEAKING SCENARIO / Buy one ticket to Kuala Lumpur. / Choose the best Malay response, then say it aloud.	Saya mahu satu tiket ke Kuala Lumpur.
MRLC-MALAY-SPEAKING-A1-C1-V1	Malay Speaking: Beginner to Advanced	B1 · Unit 5: Transport, Travel and Accommodation	B1	Daily Speaking Sentences	SELECT	SPEAKING SCENARIO / Ask what time the train departs. / Choose the best Malay response, then say it aloud.	Kereta api bertolak pukul berapa?
MRLC-MALAY-SPEAKING-A1-C1-V1	Malay Speaking: Beginner to Advanced	B1 · Unit 5: Transport, Travel and Accommodation	B1	Daily Speaking Sentences	ASSIST	SPEAKING SCENARIO / Ask which platform to use. / Choose the best Malay response, then say it aloud.	Di platform mana?
MRLC-MALAY-SPEAKING-A1-C1-V1	Malay Speaking: Beginner to Advanced	B1 · Unit 5: Transport, Travel and Accommodation	B1	Daily Speaking Sentences	SELECT	SPEAKING SCENARIO / Ask a taxi driver to take you to the hotel. / Choose the best Malay response, then say it aloud.	Tolong hantar saya ke hotel ini.
MRLC-MALAY-SPEAKING-A1-C1-V1	Malay Speaking: Beginner to Advanced	B1 · Unit 5: Transport, Travel and Accommodation	B1	Daily Speaking Sentences	SELECT	SPEAKING SCENARIO / Say that you have a reservation under your name. / Choose the best Malay response, then say it aloud.	Saya ada tempahan atas nama saya.
MRLC-MALAY-SPEAKING-A1-C1-V1	Malay Speaking: Beginner to Advanced	B1 · Unit 5: Transport, Travel and Accommodation	B1	Daily Speaking Sentences	ASSIST	SPEAKING SCENARIO / Ask whether you can check in now. / Choose the best Malay response, then say it aloud.	Boleh saya daftar masuk sekarang?
MRLC-MALAY-SPEAKING-A1-C1-V1	Malay Speaking: Beginner to Advanced	B1 · Unit 5: Transport, Travel and Accommodation	B1	Daily Speaking Sentences	SELECT	SPEAKING SCENARIO / Report that the air conditioner is not working. / Choose the best Malay response, then say it aloud.	Penghawa dingin di bilik saya tidak berfungsi.
MRLC-MALAY-SPEAKING-A1-C1-V1	Malay Speaking: Beginner to Advanced	B1 · Unit 5: Transport, Travel and Accommodation	B1	Daily Speaking Sentences	SELECT	SPEAKING SCENARIO / Say that the bus is thirty minutes late. / Choose the best Malay response, then say it aloud.	Bas lewat tiga puluh minit.
MRLC-MALAY-SPEAKING-A1-C1-V1	Malay Speaking: Beginner to Advanced	B1 · Unit 5: Transport, Travel and Accommodation	B1	Scenario Dialogue	SELECT	COMPLETE THE DIALOGUE / Penumpang: Kereta api ke Ipoh bertolak pukul berapa? / Petugas: ... / Choose the best Malay response, then say it aloud.	Kereta api bertolak pada pukul sembilan pagi.
MRLC-MALAY-SPEAKING-A1-C1-V1	Malay Speaking: Beginner to Advanced	B1 · Unit 5: Transport, Travel and Accommodation	B1	Scenario Dialogue	SELECT	COMPLETE THE DIALOGUE / Penumpang: Di platform mana? / Petugas: ... / Choose the best Malay response, then say it aloud.	Di platform tiga.
MRLC-MALAY-SPEAKING-A1-C1-V1	Malay Speaking: Beginner to Advanced	B1 · Unit 5: Transport, Travel and Accommodation	B1	Scenario Dialogue	ASSIST	COMPLETE THE DIALOGUE / Pemandu: Mahu pergi ke mana? / Penumpang: ... / Choose the best Malay response, then say it aloud.	Tolong hantar saya ke Hotel Sentral.
MRLC-MALAY-SPEAKING-A1-C1-V1	Malay Speaking: Beginner to Advanced	B1 · Unit 5: Transport, Travel and Accommodation	B1	Scenario Dialogue	SELECT	COMPLETE THE DIALOGUE / Penyambut tetamu: Ada tempahan? / Tetamu: ... / Choose the best Malay response, then say it aloud.	Ya, atas nama Nur Aisyah.
MRLC-MALAY-SPEAKING-A1-C1-V1	Malay Speaking: Beginner to Advanced	B1 · Unit 5: Transport, Travel and Accommodation	B1	Scenario Dialogue	SELECT	COMPLETE THE DIALOGUE / Tetamu: Bilik saya belum dibersihkan. / Penyambut tetamu: ... / Choose the best Malay response, then say it aloud.	Maaf, kami akan uruskan dengan segera.
MRLC-MALAY-SPEAKING-A1-C1-V1	Malay Speaking: Beginner to Advanced	B1 · Unit 5: Transport, Travel and Accommodation	B1	Scenario Dialogue	ASSIST	COMPLETE THE DIALOGUE / Penyambut tetamu: Pukul berapa anda mahu daftar keluar? / Tetamu: ... / Choose the best Malay response, then say it aloud.	Saya akan daftar keluar sebelum tengah hari.
MRLC-MALAY-SPEAKING-A1-C1-V1	Malay Speaking: Beginner to Advanced	B1 · Unit 5: Transport, Travel and Accommodation	B1	Sentence Workshop	SELECT	SENTENCE PRACTICE / Choose the best Malay sentence for “I have already bought the ticket.” / Choose the best Malay response, then say it aloud.	Saya sudah membeli tiket.
MRLC-MALAY-SPEAKING-A1-C1-V1	Malay Speaking: Beginner to Advanced	B1 · Unit 5: Transport, Travel and Accommodation	B1	Sentence Workshop	SELECT	SENTENCE PRACTICE / Choose the best Malay sentence for “The train has not arrived yet.” / Choose the best Malay response, then say it aloud.	Kereta api belum tiba.
MRLC-MALAY-SPEAKING-A1-C1-V1	Malay Speaking: Beginner to Advanced	B1 · Unit 5: Transport, Travel and Accommodation	B1	Sentence Workshop	ASSIST	SENTENCE PRACTICE / Choose the best Malay sentence for “We will leave tomorrow morning.” / Choose the best Malay response, then say it aloud.	Kami akan bertolak esok pagi.
MRLC-MALAY-SPEAKING-A1-C1-V1	Malay Speaking: Beginner to Advanced	B1 · Unit 5: Transport, Travel and Accommodation	B1	Sentence Workshop	SELECT	SENTENCE PRACTICE / Choose the best Malay sentence for “How long is the journey?” / Choose the best Malay response, then say it aloud.	Berapa lama perjalanan ini?
MRLC-MALAY-SPEAKING-A1-C1-V1	Malay Speaking: Beginner to Advanced	B1 · Unit 5: Transport, Travel and Accommodation	B1	Sentence Workshop	SELECT	SENTENCE PRACTICE / Choose the best Malay sentence for “Is breakfast included?” / Choose the best Malay response, then say it aloud.	Adakah sarapan termasuk?
MRLC-MALAY-SPEAKING-A1-C1-V1	Malay Speaking: Beginner to Advanced	B1 · Unit 5: Transport, Travel and Accommodation	B1	Sentence Workshop	ASSIST	SENTENCE PRACTICE / Choose the best Malay sentence for “I need an extra towel.” / Choose the best Malay response, then say it aloud.	Saya perlukan tuala tambahan.
MRLC-MALAY-SPEAKING-A1-C1-V1	Malay Speaking: Beginner to Advanced	B1 · Unit 5: Transport, Travel and Accommodation	B1	Sentence Workshop	SELECT	SENTENCE PRACTICE / Choose the best Malay sentence for “Could you call a taxi for me?” / Choose the best Malay response, then say it aloud.	Boleh tolong panggilkan teksi untuk saya?
MRLC-MALAY-SPEAKING-A1-C1-V1	Malay Speaking: Beginner to Advanced	B1 · Unit 5: Transport, Travel and Accommodation	B1	Sentence Workshop	SELECT	SENTENCE PRACTICE / Choose the best Malay sentence for “My flight was cancelled.” / Choose the best Malay response, then say it aloud.	Penerbangan saya dibatalkan.
MRLC-MALAY-SPEAKING-A1-C1-V1	Malay Speaking: Beginner to Advanced	B1 · Unit 6: Health, Pharmacy and Emergencies	B1	Vocabulary Sprint	SELECT	Which Malay word or phrase means “sick / painful”? Listen, choose, and say it aloud.	sakit
MRLC-MALAY-SPEAKING-A1-C1-V1	Malay Speaking: Beginner to Advanced	B1 · Unit 6: Health, Pharmacy and Emergencies	B1	Vocabulary Sprint	SELECT	Which Malay word or phrase means “fever”? Listen, choose, and say it aloud.	demam
MRLC-MALAY-SPEAKING-A1-C1-V1	Malay Speaking: Beginner to Advanced	B1 · Unit 6: Health, Pharmacy and Emergencies	B1	Vocabulary Sprint	SELECT	Which Malay word or phrase means “cough”? Listen, choose, and say it aloud.	batuk
MRLC-MALAY-SPEAKING-A1-C1-V1	Malay Speaking: Beginner to Advanced	B1 · Unit 6: Health, Pharmacy and Emergencies	B1	Vocabulary Sprint	ASSIST	Which Malay word or phrase means “dizzy”? Listen, choose, and say it aloud.	pening
MRLC-MALAY-SPEAKING-A1-C1-V1	Malay Speaking: Beginner to Advanced	B1 · Unit 6: Health, Pharmacy and Emergencies	B1	Vocabulary Sprint	SELECT	Which Malay word or phrase means “medicine”? Listen, choose, and say it aloud.	ubat
MRLC-MALAY-SPEAKING-A1-C1-V1	Malay Speaking: Beginner to Advanced	B1 · Unit 6: Health, Pharmacy and Emergencies	B1	Vocabulary Sprint	SELECT	Which Malay word or phrase means “doctor”? Listen, choose, and say it aloud.	doktor
MRLC-MALAY-SPEAKING-A1-C1-V1	Malay Speaking: Beginner to Advanced	B1 · Unit 6: Health, Pharmacy and Emergencies	B1	Vocabulary Sprint	SELECT	Which Malay word or phrase means “clinic”? Listen, choose, and say it aloud.	klinik
MRLC-MALAY-SPEAKING-A1-C1-V1	Malay Speaking: Beginner to Advanced	B1 · Unit 6: Health, Pharmacy and Emergencies	B1	Vocabulary Sprint	ASSIST	Which Malay word or phrase means “emergency”? Listen, choose, and say it aloud.	kecemasan
MRLC-MALAY-SPEAKING-A1-C1-V1	Malay Speaking: Beginner to Advanced	B1 · Unit 6: Health, Pharmacy and Emergencies	B1	Vocabulary Sprint	SELECT	Which Malay word or phrase means “allergy”? Listen, choose, and say it aloud.	alahan
MRLC-MALAY-SPEAKING-A1-C1-V1	Malay Speaking: Beginner to Advanced	B1 · Unit 6: Health, Pharmacy and Emergencies	B1	Vocabulary Sprint	SELECT	Which Malay word or phrase means “rest”? Listen, choose, and say it aloud.	rehat
MRLC-MALAY-SPEAKING-A1-C1-V1	Malay Speaking: Beginner to Advanced	B1 · Unit 6: Health, Pharmacy and Emergencies	B1	Daily Speaking Sentences	SELECT	SPEAKING SCENARIO / Say that you have a headache. / Choose the best Malay response, then say it aloud.	Saya sakit kepala.
MRLC-MALAY-SPEAKING-A1-C1-V1	Malay Speaking: Beginner to Advanced	B1 · Unit 6: Health, Pharmacy and Emergencies	B1	Daily Speaking Sentences	SELECT	SPEAKING SCENARIO / Say that you have had a fever since yesterday. / Choose the best Malay response, then say it aloud.	Saya demam sejak semalam.
MRLC-MALAY-SPEAKING-A1-C1-V1	Malay Speaking: Beginner to Advanced	B1 · Unit 6: Health, Pharmacy and Emergencies	B1	Daily Speaking Sentences	ASSIST	SPEAKING SCENARIO / Say that you are allergic to penicillin. / Choose the best Malay response, then say it aloud.	Saya alah kepada penisilin.
MRLC-MALAY-SPEAKING-A1-C1-V1	Malay Speaking: Beginner to Advanced	B1 · Unit 6: Health, Pharmacy and Emergencies	B1	Daily Speaking Sentences	SELECT	SPEAKING SCENARIO / Ask where the nearest clinic is. / Choose the best Malay response, then say it aloud.	Di mana klinik yang terdekat?
MRLC-MALAY-SPEAKING-A1-C1-V1	Malay Speaking: Beginner to Advanced	B1 · Unit 6: Health, Pharmacy and Emergencies	B1	Daily Speaking Sentences	SELECT	SPEAKING SCENARIO / Say that you need to see a doctor. / Choose the best Malay response, then say it aloud.	Saya perlu berjumpa doktor.
MRLC-MALAY-SPEAKING-A1-C1-V1	Malay Speaking: Beginner to Advanced	B1 · Unit 6: Health, Pharmacy and Emergencies	B1	Daily Speaking Sentences	ASSIST	SPEAKING SCENARIO / Repeat an instruction to take medicine after eating. / Choose the best Malay response, then say it aloud.	Ambil ubat ini selepas makan.
MRLC-MALAY-SPEAKING-A1-C1-V1	Malay Speaking: Beginner to Advanced	B1 · Unit 6: Health, Pharmacy and Emergencies	B1	Daily Speaking Sentences	SELECT	SPEAKING SCENARIO / Ask someone to call an ambulance. / Choose the best Malay response, then say it aloud.	Tolong panggil ambulans.
MRLC-MALAY-SPEAKING-A1-C1-V1	Malay Speaking: Beginner to Advanced	B1 · Unit 6: Health, Pharmacy and Emergencies	B1	Daily Speaking Sentences	SELECT	SPEAKING SCENARIO / Say that you feel better today. / Choose the best Malay response, then say it aloud.	Saya rasa lebih baik hari ini.
MRLC-MALAY-SPEAKING-A1-C1-V1	Malay Speaking: Beginner to Advanced	B1 · Unit 6: Health, Pharmacy and Emergencies	B1	Scenario Dialogue	SELECT	COMPLETE THE DIALOGUE / Doktor: Apa masalahnya? / Pesakit: ... / Choose the best Malay response, then say it aloud.	Saya demam dan batuk sejak semalam.
MRLC-MALAY-SPEAKING-A1-C1-V1	Malay Speaking: Beginner to Advanced	B1 · Unit 6: Health, Pharmacy and Emergencies	B1	Scenario Dialogue	SELECT	COMPLETE THE DIALOGUE / Doktor: Ada alahan terhadap ubat? / Pesakit: ... / Choose the best Malay response, then say it aloud.	Ya, saya alah kepada penisilin.
MRLC-MALAY-SPEAKING-A1-C1-V1	Malay Speaking: Beginner to Advanced	B1 · Unit 6: Health, Pharmacy and Emergencies	B1	Scenario Dialogue	ASSIST	COMPLETE THE DIALOGUE / Ahli farmasi: Ubat ini perlu diambil dua kali sehari. / Pesakit: ... / Choose the best Malay response, then say it aloud.	Perlu diambil sebelum atau selepas makan?
MRLC-MALAY-SPEAKING-A1-C1-V1	Malay Speaking: Beginner to Advanced	B1 · Unit 6: Health, Pharmacy and Emergencies	B1	Scenario Dialogue	SELECT	COMPLETE THE DIALOGUE / A: Awak nampak pening. Awak okey? / B: ... / Choose the best Malay response, then say it aloud.	Saya rasa lemah dan perlu duduk.
MRLC-MALAY-SPEAKING-A1-C1-V1	Malay Speaking: Beginner to Advanced	B1 · Unit 6: Health, Pharmacy and Emergencies	B1	Scenario Dialogue	SELECT	COMPLETE THE DIALOGUE / A: Ini kecemasan. Apa yang berlaku? / B: ... / Choose the best Malay response, then say it aloud.	Kawan saya pengsan dan tidak sedarkan diri.
MRLC-MALAY-SPEAKING-A1-C1-V1	Malay Speaking: Beginner to Advanced	B1 · Unit 6: Health, Pharmacy and Emergencies	B1	Scenario Dialogue	ASSIST	COMPLETE THE DIALOGUE / Doktor: Banyakkan rehat dan minum air. / Pesakit: ... / Choose the best Malay response, then say it aloud.	Baik, doktor. Terima kasih.
MRLC-MALAY-SPEAKING-A1-C1-V1	Malay Speaking: Beginner to Advanced	B1 · Unit 6: Health, Pharmacy and Emergencies	B1	Sentence Workshop	SELECT	SENTENCE PRACTICE / Choose the best Malay sentence for “My stomach hurts.” / Choose the best Malay response, then say it aloud.	Perut saya sakit.
MRLC-MALAY-SPEAKING-A1-C1-V1	Malay Speaking: Beginner to Advanced	B1 · Unit 6: Health, Pharmacy and Emergencies	B1	Sentence Workshop	SELECT	SENTENCE PRACTICE / Choose the best Malay sentence for “I have been coughing for three days.” / Choose the best Malay response, then say it aloud.	Saya batuk selama tiga hari.
MRLC-MALAY-SPEAKING-A1-C1-V1	Malay Speaking: Beginner to Advanced	B1 · Unit 6: Health, Pharmacy and Emergencies	B1	Sentence Workshop	ASSIST	SENTENCE PRACTICE / Choose the best Malay sentence for “I feel short of breath.” / Choose the best Malay response, then say it aloud.	Saya berasa sesak nafas.
MRLC-MALAY-SPEAKING-A1-C1-V1	Malay Speaking: Beginner to Advanced	B1 · Unit 6: Health, Pharmacy and Emergencies	B1	Sentence Workshop	SELECT	SENTENCE PRACTICE / Choose the best Malay sentence for “Do I need a prescription?” / Choose the best Malay response, then say it aloud.	Adakah saya perlukan preskripsi?
MRLC-MALAY-SPEAKING-A1-C1-V1	Malay Speaking: Beginner to Advanced	B1 · Unit 6: Health, Pharmacy and Emergencies	B1	Sentence Workshop	SELECT	SENTENCE PRACTICE / Choose the best Malay sentence for “Take one tablet every eight hours.” / Choose the best Malay response, then say it aloud.	Ambil satu tablet setiap lapan jam.
MRLC-MALAY-SPEAKING-A1-C1-V1	Malay Speaking: Beginner to Advanced	B1 · Unit 6: Health, Pharmacy and Emergencies	B1	Sentence Workshop	ASSIST	SENTENCE PRACTICE / Choose the best Malay sentence for “You should rest at home.” / Choose the best Malay response, then say it aloud.	Anda sebaiknya berehat di rumah.
MRLC-MALAY-SPEAKING-A1-C1-V1	Malay Speaking: Beginner to Advanced	B1 · Unit 6: Health, Pharmacy and Emergencies	B1	Sentence Workshop	SELECT	SENTENCE PRACTICE / Choose the best Malay sentence for “Where is the emergency department?” / Choose the best Malay response, then say it aloud.	Di mana jabatan kecemasan?
MRLC-MALAY-SPEAKING-A1-C1-V1	Malay Speaking: Beginner to Advanced	B1 · Unit 6: Health, Pharmacy and Emergencies	B1	Sentence Workshop	SELECT	SENTENCE PRACTICE / Choose the best Malay sentence for “Please contact my family.” / Choose the best Malay response, then say it aloud.	Tolong hubungi keluarga saya.
MRLC-MALAY-SPEAKING-A1-C1-V1	Malay Speaking: Beginner to Advanced	B1 · Unit 7: School, Work and Digital Communication	B1	Vocabulary Sprint	SELECT	Which Malay word or phrase means “class”? Listen, choose, and say it aloud.	kelas
MRLC-MALAY-SPEAKING-A1-C1-V1	Malay Speaking: Beginner to Advanced	B1 · Unit 7: School, Work and Digital Communication	B1	Vocabulary Sprint	SELECT	Which Malay word or phrase means “teacher”? Listen, choose, and say it aloud.	guru
MRLC-MALAY-SPEAKING-A1-C1-V1	Malay Speaking: Beginner to Advanced	B1 · Unit 7: School, Work and Digital Communication	B1	Vocabulary Sprint	SELECT	Which Malay word or phrase means “assignment / task”? Listen, choose, and say it aloud.	tugasan
MRLC-MALAY-SPEAKING-A1-C1-V1	Malay Speaking: Beginner to Advanced	B1 · Unit 7: School, Work and Digital Communication	B1	Vocabulary Sprint	ASSIST	Which Malay word or phrase means “meeting”? Listen, choose, and say it aloud.	mesyuarat
MRLC-MALAY-SPEAKING-A1-C1-V1	Malay Speaking: Beginner to Advanced	B1 · Unit 7: School, Work and Digital Communication	B1	Vocabulary Sprint	SELECT	Which Malay word or phrase means “office”? Listen, choose, and say it aloud.	pejabat
MRLC-MALAY-SPEAKING-A1-C1-V1	Malay Speaking: Beginner to Advanced	B1 · Unit 7: School, Work and Digital Communication	B1	Vocabulary Sprint	SELECT	Which Malay word or phrase means “computer”? Listen, choose, and say it aloud.	komputer
MRLC-MALAY-SPEAKING-A1-C1-V1	Malay Speaking: Beginner to Advanced	B1 · Unit 7: School, Work and Digital Communication	B1	Vocabulary Sprint	SELECT	Which Malay word or phrase means “email”? Listen, choose, and say it aloud.	e-mel
MRLC-MALAY-SPEAKING-A1-C1-V1	Malay Speaking: Beginner to Advanced	B1 · Unit 7: School, Work and Digital Communication	B1	Vocabulary Sprint	ASSIST	Which Malay word or phrase means “file”? Listen, choose, and say it aloud.	fail
MRLC-MALAY-SPEAKING-A1-C1-V1	Malay Speaking: Beginner to Advanced	B1 · Unit 7: School, Work and Digital Communication	B1	Vocabulary Sprint	SELECT	Which Malay word or phrase means “deadline”? Listen, choose, and say it aloud.	tarikh akhir
MRLC-MALAY-SPEAKING-A1-C1-V1	Malay Speaking: Beginner to Advanced	B1 · Unit 7: School, Work and Digital Communication	B1	Vocabulary Sprint	SELECT	Which Malay word or phrase means “help / assistance”? Listen, choose, and say it aloud.	bantuan
MRLC-MALAY-SPEAKING-A1-C1-V1	Malay Speaking: Beginner to Advanced	B1 · Unit 7: School, Work and Digital Communication	B1	Daily Speaking Sentences	SELECT	SPEAKING SCENARIO / Say that you do not understand the question. / Choose the best Malay response, then say it aloud.	Saya tidak faham soalan ini.
MRLC-MALAY-SPEAKING-A1-C1-V1	Malay Speaking: Beginner to Advanced	B1 · Unit 7: School, Work and Digital Communication	B1	Daily Speaking Sentences	SELECT	SPEAKING SCENARIO / Ask for another explanation. / Choose the best Malay response, then say it aloud.	Boleh terangkan sekali lagi?
MRLC-MALAY-SPEAKING-A1-C1-V1	Malay Speaking: Beginner to Advanced	B1 · Unit 7: School, Work and Digital Communication	B1	Daily Speaking Sentences	ASSIST	SPEAKING SCENARIO / Ask when the deadline is. / Choose the best Malay response, then say it aloud.	Bila tarikh akhir tugasan ini?
MRLC-MALAY-SPEAKING-A1-C1-V1	Malay Speaking: Beginner to Advanced	B1 · Unit 7: School, Work and Digital Communication	B1	Daily Speaking Sentences	SELECT	SPEAKING SCENARIO / Say that you will send an email this afternoon. / Choose the best Malay response, then say it aloud.	Saya akan hantar e-mel petang ini.
MRLC-MALAY-SPEAKING-A1-C1-V1	Malay Speaking: Beginner to Advanced	B1 · Unit 7: School, Work and Digital Communication	B1	Daily Speaking Sentences	SELECT	SPEAKING SCENARIO / Say that the meeting starts at ten. / Choose the best Malay response, then say it aloud.	Mesyuarat bermula pada pukul sepuluh.
MRLC-MALAY-SPEAKING-A1-C1-V1	Malay Speaking: Beginner to Advanced	B1 · Unit 7: School, Work and Digital Communication	B1	Daily Speaking Sentences	ASSIST	SPEAKING SCENARIO / Ask someone to share the file. / Choose the best Malay response, then say it aloud.	Boleh kongsi fail itu dengan saya?
MRLC-MALAY-SPEAKING-A1-C1-V1	Malay Speaking: Beginner to Advanced	B1 · Unit 7: School, Work and Digital Communication	B1	Daily Speaking Sentences	SELECT	SPEAKING SCENARIO / Report that the internet is not working. / Choose the best Malay response, then say it aloud.	Sambungan internet tidak berfungsi.
MRLC-MALAY-SPEAKING-A1-C1-V1	Malay Speaking: Beginner to Advanced	B1 · Unit 7: School, Work and Digital Communication	B1	Daily Speaking Sentences	SELECT	SPEAKING SCENARIO / Invite the group to work together. / Choose the best Malay response, then say it aloud.	Mari kita bekerjasama.
MRLC-MALAY-SPEAKING-A1-C1-V1	Malay Speaking: Beginner to Advanced	B1 · Unit 7: School, Work and Digital Communication	B1	Scenario Dialogue	SELECT	COMPLETE THE DIALOGUE / Pelajar: Cikgu, saya tidak faham bahagian ini. / Guru: ... / Choose the best Malay response, then say it aloud.	Baik, saya akan terangkan dengan contoh lain.
MRLC-MALAY-SPEAKING-A1-C1-V1	Malay Speaking: Beginner to Advanced	B1 · Unit 7: School, Work and Digital Communication	B1	Scenario Dialogue	SELECT	COMPLETE THE DIALOGUE / Pelajar: Bila tarikh akhir tugasan? / Guru: ... / Choose the best Malay response, then say it aloud.	Tarikh akhirnya pada hari Jumaat.
MRLC-MALAY-SPEAKING-A1-C1-V1	Malay Speaking: Beginner to Advanced	B1 · Unit 7: School, Work and Digital Communication	B1	Scenario Dialogue	ASSIST	COMPLETE THE DIALOGUE / Penyelia: Boleh hantar laporan hari ini? / Pekerja: ... / Choose the best Malay response, then say it aloud.	Saya boleh hantar sebelum pukul lima.
MRLC-MALAY-SPEAKING-A1-C1-V1	Malay Speaking: Beginner to Advanced	B1 · Unit 7: School, Work and Digital Communication	B1	Scenario Dialogue	SELECT	COMPLETE THE DIALOGUE / Rakan sekerja: Awak sudah terima e-mel saya? / Anda: ... / Choose the best Malay response, then say it aloud.	Belum, boleh hantar sekali lagi?
MRLC-MALAY-SPEAKING-A1-C1-V1	Malay Speaking: Beginner to Advanced	B1 · Unit 7: School, Work and Digital Communication	B1	Scenario Dialogue	SELECT	COMPLETE THE DIALOGUE / A: Saya tidak dapat membuka fail ini. / B: ... / Choose the best Malay response, then say it aloud.	Saya akan hantarkan fail dalam format PDF.
MRLC-MALAY-SPEAKING-A1-C1-V1	Malay Speaking: Beginner to Advanced	B1 · Unit 7: School, Work and Digital Communication	B1	Scenario Dialogue	ASSIST	COMPLETE THE DIALOGUE / Ketua: Siapa boleh bentangkan kemajuan projek? / Anda: ... / Choose the best Malay response, then say it aloud.	Saya boleh berikan kemas kini ringkas.
MRLC-MALAY-SPEAKING-A1-C1-V1	Malay Speaking: Beginner to Advanced	B1 · Unit 7: School, Work and Digital Communication	B1	Sentence Workshop	SELECT	SENTENCE PRACTICE / Choose the best Malay sentence for “I must finish this today.” / Choose the best Malay response, then say it aloud.	Saya mesti siapkan perkara ini hari ini.
MRLC-MALAY-SPEAKING-A1-C1-V1	Malay Speaking: Beginner to Advanced	B1 · Unit 7: School, Work and Digital Communication	B1	Sentence Workshop	SELECT	SENTENCE PRACTICE / Choose the best Malay sentence for “This document is for the meeting.” / Choose the best Malay response, then say it aloud.	Dokumen ini untuk mesyuarat.
MRLC-MALAY-SPEAKING-A1-C1-V1	Malay Speaking: Beginner to Advanced	B1 · Unit 7: School, Work and Digital Communication	B1	Sentence Workshop	ASSIST	SENTENCE PRACTICE / Choose the best Malay sentence for “The colleague who called me is absent.” / Choose the best Malay response, then say it aloud.	Rakan sekerja yang menelefon saya tidak hadir.
MRLC-MALAY-SPEAKING-A1-C1-V1	Malay Speaking: Beginner to Advanced	B1 · Unit 7: School, Work and Digital Communication	B1	Sentence Workshop	SELECT	SENTENCE PRACTICE / Choose the best Malay sentence for “Please attach the file.” / Choose the best Malay response, then say it aloud.	Sila lampirkan fail itu.
MRLC-MALAY-SPEAKING-A1-C1-V1	Malay Speaking: Beginner to Advanced	B1 · Unit 7: School, Work and Digital Communication	B1	Sentence Workshop	SELECT	SENTENCE PRACTICE / Choose the best Malay sentence for “Can we move the meeting?” / Choose the best Malay response, then say it aloud.	Boleh kita tunda mesyuarat?
MRLC-MALAY-SPEAKING-A1-C1-V1	Malay Speaking: Beginner to Advanced	B1 · Unit 7: School, Work and Digital Communication	B1	Sentence Workshop	ASSIST	SENTENCE PRACTICE / Choose the best Malay sentence for “I need more time.” / Choose the best Malay response, then say it aloud.	Saya perlukan lebih banyak masa.
MRLC-MALAY-SPEAKING-A1-C1-V1	Malay Speaking: Beginner to Advanced	B1 · Unit 7: School, Work and Digital Communication	B1	Sentence Workshop	SELECT	SENTENCE PRACTICE / Choose the best Malay sentence for “The password is incorrect.” / Choose the best Malay response, then say it aloud.	Kata laluan itu tidak betul.
MRLC-MALAY-SPEAKING-A1-C1-V1	Malay Speaking: Beginner to Advanced	B1 · Unit 7: School, Work and Digital Communication	B1	Sentence Workshop	SELECT	SENTENCE PRACTICE / Choose the best Malay sentence for “I will update you tomorrow.” / Choose the best Malay response, then say it aloud.	Saya akan berikan perkembangan terkini esok.
MRLC-MALAY-SPEAKING-A1-C1-V1	Malay Speaking: Beginner to Advanced	B2 · Unit 8: Social Life, Culture and Community	B2	Vocabulary Sprint	SELECT	Which Malay word or phrase means “invitation”? Listen, choose, and say it aloud.	jemputan
MRLC-MALAY-SPEAKING-A1-C1-V1	Malay Speaking: Beginner to Advanced	B2 · Unit 8: Social Life, Culture and Community	B2	Vocabulary Sprint	SELECT	Which Malay word or phrase means “event / ceremony”? Listen, choose, and say it aloud.	majlis
MRLC-MALAY-SPEAKING-A1-C1-V1	Malay Speaking: Beginner to Advanced	B2 · Unit 8: Social Life, Culture and Community	B2	Vocabulary Sprint	SELECT	Which Malay word or phrase means “neighbour”? Listen, choose, and say it aloud.	jiran
MRLC-MALAY-SPEAKING-A1-C1-V1	Malay Speaking: Beginner to Advanced	B2 · Unit 8: Social Life, Culture and Community	B2	Vocabulary Sprint	ASSIST	Which Malay word or phrase means “community”? Listen, choose, and say it aloud.	komuniti
MRLC-MALAY-SPEAKING-A1-C1-V1	Malay Speaking: Beginner to Advanced	B2 · Unit 8: Social Life, Culture and Community	B2	Vocabulary Sprint	SELECT	Which Malay word or phrase means “celebration / festival”? Listen, choose, and say it aloud.	perayaan
MRLC-MALAY-SPEAKING-A1-C1-V1	Malay Speaking: Beginner to Advanced	B2 · Unit 8: Social Life, Culture and Community	B2	Vocabulary Sprint	SELECT	Which Malay word or phrase means “gift”? Listen, choose, and say it aloud.	hadiah
MRLC-MALAY-SPEAKING-A1-C1-V1	Malay Speaking: Beginner to Advanced	B2 · Unit 8: Social Life, Culture and Community	B2	Vocabulary Sprint	SELECT	Which Malay word or phrase means “tradition”? Listen, choose, and say it aloud.	tradisi
MRLC-MALAY-SPEAKING-A1-C1-V1	Malay Speaking: Beginner to Advanced	B2 · Unit 8: Social Life, Culture and Community	B2	Vocabulary Sprint	ASSIST	Which Malay word or phrase means “polite”? Listen, choose, and say it aloud.	sopan
MRLC-MALAY-SPEAKING-A1-C1-V1	Malay Speaking: Beginner to Advanced	B2 · Unit 8: Social Life, Culture and Community	B2	Vocabulary Sprint	SELECT	Which Malay word or phrase means “share”? Listen, choose, and say it aloud.	berkongsi
MRLC-MALAY-SPEAKING-A1-C1-V1	Malay Speaking: Beginner to Advanced	B2 · Unit 8: Social Life, Culture and Community	B2	Vocabulary Sprint	SELECT	Which Malay word or phrase means “volunteer”? Listen, choose, and say it aloud.	sukarelawan
MRLC-MALAY-SPEAKING-A1-C1-V1	Malay Speaking: Beginner to Advanced	B2 · Unit 8: Social Life, Culture and Community	B2	Daily Speaking Sentences	SELECT	SPEAKING SCENARIO / Accept an invitation warmly. / Choose the best Malay response, then say it aloud.	Terima kasih atas jemputan. Saya akan datang.
MRLC-MALAY-SPEAKING-A1-C1-V1	Malay Speaking: Beginner to Advanced	B2 · Unit 8: Social Life, Culture and Community	B2	Daily Speaking Sentences	SELECT	SPEAKING SCENARIO / Decline politely because you already have plans. / Choose the best Malay response, then say it aloud.	Maaf, saya sudah ada rancangan pada hari itu.
MRLC-MALAY-SPEAKING-A1-C1-V1	Malay Speaking: Beginner to Advanced	B2 · Unit 8: Social Life, Culture and Community	B2	Daily Speaking Sentences	ASSIST	SPEAKING SCENARIO / Ask what you should bring. / Choose the best Malay response, then say it aloud.	Apa yang patut saya bawa?
MRLC-MALAY-SPEAKING-A1-C1-V1	Malay Speaking: Beginner to Advanced	B2 · Unit 8: Social Life, Culture and Community	B2	Daily Speaking Sentences	SELECT	SPEAKING SCENARIO / Say that you brought a small gift. / Choose the best Malay response, then say it aloud.	Saya membawa sedikit hadiah untuk tuan rumah.
MRLC-MALAY-SPEAKING-A1-C1-V1	Malay Speaking: Beginner to Advanced	B2 · Unit 8: Social Life, Culture and Community	B2	Daily Speaking Sentences	SELECT	SPEAKING SCENARIO / Ask whether there is a custom you should know. / Choose the best Malay response, then say it aloud.	Ada adat yang perlu saya tahu?
MRLC-MALAY-SPEAKING-A1-C1-V1	Malay Speaking: Beginner to Advanced	B2 · Unit 8: Social Life, Culture and Community	B2	Daily Speaking Sentences	ASSIST	SPEAKING SCENARIO / Explain that guests normally remove their shoes. / Choose the best Malay response, then say it aloud.	Biasanya tetamu menanggalkan kasut sebelum masuk.
MRLC-MALAY-SPEAKING-A1-C1-V1	Malay Speaking: Beginner to Advanced	B2 · Unit 8: Social Life, Culture and Community	B2	Daily Speaking Sentences	SELECT	SPEAKING SCENARIO / Invite someone to join a community activity. / Choose the best Malay response, then say it aloud.	Mari sertai aktiviti komuniti bersama-sama.
MRLC-MALAY-SPEAKING-A1-C1-V1	Malay Speaking: Beginner to Advanced	B2 · Unit 8: Social Life, Culture and Community	B2	Daily Speaking Sentences	SELECT	SPEAKING SCENARIO / Say that you would like to volunteer. / Choose the best Malay response, then say it aloud.	Saya ingin menjadi sukarelawan.
MRLC-MALAY-SPEAKING-A1-C1-V1	Malay Speaking: Beginner to Advanced	B2 · Unit 8: Social Life, Culture and Community	B2	Scenario Dialogue	SELECT	COMPLETE THE DIALOGUE / A: Kami mengadakan rumah terbuka hari Ahad. Sudi datang? / B: ... / Choose the best Malay response, then say it aloud.	Terima kasih atas jemputan. Saya akan datang.
MRLC-MALAY-SPEAKING-A1-C1-V1	Malay Speaking: Beginner to Advanced	B2 · Unit 8: Social Life, Culture and Community	B2	Scenario Dialogue	SELECT	COMPLETE THE DIALOGUE / A: Apa yang patut saya bawa? / B: ... / Choose the best Malay response, then say it aloud.	Tidak perlu bawa apa-apa, datang sahaja.
MRLC-MALAY-SPEAKING-A1-C1-V1	Malay Speaking: Beginner to Advanced	B2 · Unit 8: Social Life, Culture and Community	B2	Scenario Dialogue	ASSIST	COMPLETE THE DIALOGUE / A: Perlu tanggalkan kasut? / B: ... / Choose the best Malay response, then say it aloud.	Ya, letakkan kasut di luar pintu.
MRLC-MALAY-SPEAKING-A1-C1-V1	Malay Speaking: Beginner to Advanced	B2 · Unit 8: Social Life, Culture and Community	B2	Scenario Dialogue	SELECT	COMPLETE THE DIALOGUE / A: Saya tidak makan daging. Ada pilihan lain? / B: ... / Choose the best Malay response, then say it aloud.	Ya, kami sediakan beberapa hidangan vegetarian.
MRLC-MALAY-SPEAKING-A1-C1-V1	Malay Speaking: Beginner to Advanced	B2 · Unit 8: Social Life, Culture and Community	B2	Scenario Dialogue	SELECT	COMPLETE THE DIALOGUE / A: Komuniti kita akan membersihkan taman esok. / B: ... / Choose the best Malay response, then say it aloud.	Baik, saya mahu membantu sebagai sukarelawan.
MRLC-MALAY-SPEAKING-A1-C1-V1	Malay Speaking: Beginner to Advanced	B2 · Unit 8: Social Life, Culture and Community	B2	Scenario Dialogue	ASSIST	COMPLETE THE DIALOGUE / A: Terima kasih kerana datang ke majlis kami. / B: ... / Choose the best Malay response, then say it aloud.	Sama-sama. Saya sangat gembira dapat hadir.
MRLC-MALAY-SPEAKING-A1-C1-V1	Malay Speaking: Beginner to Advanced	B2 · Unit 8: Social Life, Culture and Community	B2	Sentence Workshop	SELECT	SENTENCE PRACTICE / Choose the best Malay sentence for “If I am free, I will come.” / Choose the best Malay response, then say it aloud.	Kalau saya lapang, saya akan datang.
MRLC-MALAY-SPEAKING-A1-C1-V1	Malay Speaking: Beginner to Advanced	B2 · Unit 8: Social Life, Culture and Community	B2	Sentence Workshop	SELECT	SENTENCE PRACTICE / Choose the best Malay sentence for “We should respect local customs.” / Choose the best Malay response, then say it aloud.	Kita harus menghormati adat tempatan.
MRLC-MALAY-SPEAKING-A1-C1-V1	Malay Speaking: Beginner to Advanced	B2 · Unit 8: Social Life, Culture and Community	B2	Sentence Workshop	ASSIST	SENTENCE PRACTICE / Choose the best Malay sentence for “I cannot come because I am working.” / Choose the best Malay response, then say it aloud.	Saya tidak dapat datang kerana saya bekerja.
MRLC-MALAY-SPEAKING-A1-C1-V1	Malay Speaking: Beginner to Advanced	B2 · Unit 8: Social Life, Culture and Community	B2	Sentence Workshop	SELECT	SENTENCE PRACTICE / Choose the best Malay sentence for “Let us share the food.” / Choose the best Malay response, then say it aloud.	Mari kita berkongsi makanan.
MRLC-MALAY-SPEAKING-A1-C1-V1	Malay Speaking: Beginner to Advanced	B2 · Unit 8: Social Life, Culture and Community	B2	Sentence Workshop	SELECT	SENTENCE PRACTICE / Choose the best Malay sentence for “Thank you for welcoming me.” / Choose the best Malay response, then say it aloud.	Terima kasih kerana menyambut saya.
MRLC-MALAY-SPEAKING-A1-C1-V1	Malay Speaking: Beginner to Advanced	B2 · Unit 8: Social Life, Culture and Community	B2	Sentence Workshop	ASSIST	SENTENCE PRACTICE / Choose the best Malay sentence for “What is this celebration about?” / Choose the best Malay response, then say it aloud.	Perayaan ini disambut untuk apa?
MRLC-MALAY-SPEAKING-A1-C1-V1	Malay Speaking: Beginner to Advanced	B2 · Unit 8: Social Life, Culture and Community	B2	Sentence Workshop	SELECT	SENTENCE PRACTICE / Choose the best Malay sentence for “Is this gift appropriate?” / Choose the best Malay response, then say it aloud.	Adakah hadiah ini sesuai?
MRLC-MALAY-SPEAKING-A1-C1-V1	Malay Speaking: Beginner to Advanced	B2 · Unit 8: Social Life, Culture and Community	B2	Sentence Workshop	SELECT	SENTENCE PRACTICE / Choose the best Malay sentence for “Everyone is welcome.” / Choose the best Malay response, then say it aloud.	Semua orang dialu-alukan.
MRLC-MALAY-SPEAKING-A1-C1-V1	Malay Speaking: Beginner to Advanced	B2 · Unit 9: Opinions, Plans and Problem-Solving	B2	Vocabulary Sprint	SELECT	Which Malay word or phrase means “opinion”? Listen, choose, and say it aloud.	pendapat
MRLC-MALAY-SPEAKING-A1-C1-V1	Malay Speaking: Beginner to Advanced	B2 · Unit 9: Opinions, Plans and Problem-Solving	B2	Vocabulary Sprint	SELECT	Which Malay word or phrase means “agree”? Listen, choose, and say it aloud.	setuju
MRLC-MALAY-SPEAKING-A1-C1-V1	Malay Speaking: Beginner to Advanced	B2 · Unit 9: Opinions, Plans and Problem-Solving	B2	Vocabulary Sprint	SELECT	Which Malay word or phrase means “disagree”? Listen, choose, and say it aloud.	tidak setuju
MRLC-MALAY-SPEAKING-A1-C1-V1	Malay Speaking: Beginner to Advanced	B2 · Unit 9: Opinions, Plans and Problem-Solving	B2	Vocabulary Sprint	ASSIST	Which Malay word or phrase means “suggestion”? Listen, choose, and say it aloud.	cadangan
MRLC-MALAY-SPEAKING-A1-C1-V1	Malay Speaking: Beginner to Advanced	B2 · Unit 9: Opinions, Plans and Problem-Solving	B2	Vocabulary Sprint	SELECT	Which Malay word or phrase means “plan”? Listen, choose, and say it aloud.	rancangan
MRLC-MALAY-SPEAKING-A1-C1-V1	Malay Speaking: Beginner to Advanced	B2 · Unit 9: Opinions, Plans and Problem-Solving	B2	Vocabulary Sprint	SELECT	Which Malay word or phrase means “problem”? Listen, choose, and say it aloud.	masalah
MRLC-MALAY-SPEAKING-A1-C1-V1	Malay Speaking: Beginner to Advanced	B2 · Unit 9: Opinions, Plans and Problem-Solving	B2	Vocabulary Sprint	SELECT	Which Malay word or phrase means “solution”? Listen, choose, and say it aloud.	penyelesaian
MRLC-MALAY-SPEAKING-A1-C1-V1	Malay Speaking: Beginner to Advanced	B2 · Unit 9: Opinions, Plans and Problem-Solving	B2	Vocabulary Sprint	ASSIST	Which Malay word or phrase means “maybe / possibly”? Listen, choose, and say it aloud.	mungkin
MRLC-MALAY-SPEAKING-A1-C1-V1	Malay Speaking: Beginner to Advanced	B2 · Unit 9: Opinions, Plans and Problem-Solving	B2	Vocabulary Sprint	SELECT	Which Malay word or phrase means “reason”? Listen, choose, and say it aloud.	sebab
MRLC-MALAY-SPEAKING-A1-C1-V1	Malay Speaking: Beginner to Advanced	B2 · Unit 9: Opinions, Plans and Problem-Solving	B2	Vocabulary Sprint	SELECT	Which Malay word or phrase means “decision”? Listen, choose, and say it aloud.	keputusan
MRLC-MALAY-SPEAKING-A1-C1-V1	Malay Speaking: Beginner to Advanced	B2 · Unit 9: Opinions, Plans and Problem-Solving	B2	Daily Speaking Sentences	SELECT	SPEAKING SCENARIO / Introduce your opinion. / Choose the best Malay response, then say it aloud.	Pada pendapat saya, pilihan ini lebih praktikal.
MRLC-MALAY-SPEAKING-A1-C1-V1	Malay Speaking: Beginner to Advanced	B2 · Unit 9: Opinions, Plans and Problem-Solving	B2	Daily Speaking Sentences	SELECT	SPEAKING SCENARIO / Agree and give a reason. / Choose the best Malay response, then say it aloud.	Saya setuju kerana kosnya lebih rendah.
MRLC-MALAY-SPEAKING-A1-C1-V1	Malay Speaking: Beginner to Advanced	B2 · Unit 9: Opinions, Plans and Problem-Solving	B2	Daily Speaking Sentences	ASSIST	SPEAKING SCENARIO / Disagree gently. / Choose the best Malay response, then say it aloud.	Saya kurang bersetuju dengan cadangan itu.
MRLC-MALAY-SPEAKING-A1-C1-V1	Malay Speaking: Beginner to Advanced	B2 · Unit 9: Opinions, Plans and Problem-Solving	B2	Daily Speaking Sentences	SELECT	SPEAKING SCENARIO / Suggest a different approach. / Choose the best Malay response, then say it aloud.	Apa kata kita cuba cara yang lain?
MRLC-MALAY-SPEAKING-A1-C1-V1	Malay Speaking: Beginner to Advanced	B2 · Unit 9: Opinions, Plans and Problem-Solving	B2	Daily Speaking Sentences	SELECT	SPEAKING SCENARIO / Offer a conditional solution. / Choose the best Malay response, then say it aloud.	Jika masa tidak cukup, kita boleh kurangkan skop.
MRLC-MALAY-SPEAKING-A1-C1-V1	Malay Speaking: Beginner to Advanced	B2 · Unit 9: Opinions, Plans and Problem-Solving	B2	Daily Speaking Sentences	ASSIST	SPEAKING SCENARIO / Say that one factor needs consideration. / Choose the best Malay response, then say it aloud.	Kita perlu mempertimbangkan kesannya kepada pelajar.
MRLC-MALAY-SPEAKING-A1-C1-V1	Malay Speaking: Beginner to Advanced	B2 · Unit 9: Opinions, Plans and Problem-Solving	B2	Daily Speaking Sentences	SELECT	SPEAKING SCENARIO / Invite the group to decide. / Choose the best Malay response, then say it aloud.	Mari kita buat keputusan bersama-sama.
MRLC-MALAY-SPEAKING-A1-C1-V1	Malay Speaking: Beginner to Advanced	B2 · Unit 9: Opinions, Plans and Problem-Solving	B2	Daily Speaking Sentences	SELECT	SPEAKING SCENARIO / Explain that the plan has changed. / Choose the best Malay response, then say it aloud.	Rancangan itu berubah kerana cuaca buruk.
MRLC-MALAY-SPEAKING-A1-C1-V1	Malay Speaking: Beginner to Advanced	B2 · Unit 9: Opinions, Plans and Problem-Solving	B2	Scenario Dialogue	SELECT	COMPLETE THE DIALOGUE / A: Saya rasa kita patut adakan acara pada hari Sabtu. / B: ... / Choose the best Malay response, then say it aloud.	Saya setuju kerana lebih ramai orang boleh hadir.
MRLC-MALAY-SPEAKING-A1-C1-V1	Malay Speaking: Beginner to Advanced	B2 · Unit 9: Opinions, Plans and Problem-Solving	B2	Scenario Dialogue	SELECT	COMPLETE THE DIALOGUE / A: Kita perlu membeli peralatan baharu. / B: ... / Choose the best Malay response, then say it aloud.	Saya kurang bersetuju kerana bajet kita terhad.
MRLC-MALAY-SPEAKING-A1-C1-V1	Malay Speaking: Beginner to Advanced	B2 · Unit 9: Opinions, Plans and Problem-Solving	B2	Scenario Dialogue	ASSIST	COMPLETE THE DIALOGUE / A: Jadi, apa cadangan awak? / B: ... / Choose the best Malay response, then say it aloud.	Apa kata kita menyewa peralatan dahulu?
MRLC-MALAY-SPEAKING-A1-C1-V1	Malay Speaking: Beginner to Advanced	B2 · Unit 9: Opinions, Plans and Problem-Solving	B2	Scenario Dialogue	SELECT	COMPLETE THE DIALOGUE / A: Masa kita sangat singkat. / B: ... / Choose the best Malay response, then say it aloud.	Jika begitu, kita perlu utamakan tugas yang paling penting.
MRLC-MALAY-SPEAKING-A1-C1-V1	Malay Speaking: Beginner to Advanced	B2 · Unit 9: Opinions, Plans and Problem-Solving	B2	Scenario Dialogue	SELECT	COMPLETE THE DIALOGUE / A: Dua pilihan ini sama-sama baik. / B: ... / Choose the best Malay response, then say it aloud.	Mari kita bandingkan kos dan manfaatnya.
MRLC-MALAY-SPEAKING-A1-C1-V1	Malay Speaking: Beginner to Advanced	B2 · Unit 9: Opinions, Plans and Problem-Solving	B2	Scenario Dialogue	ASSIST	COMPLETE THE DIALOGUE / A: Adakah semua orang bersetuju? / B: ... / Choose the best Malay response, then say it aloud.	Ya, kita boleh teruskan dengan rancangan ini.
MRLC-MALAY-SPEAKING-A1-C1-V1	Malay Speaking: Beginner to Advanced	B2 · Unit 9: Opinions, Plans and Problem-Solving	B2	Sentence Workshop	SELECT	SENTENCE PRACTICE / Choose the best Malay sentence for “In my view, this is fair.” / Choose the best Malay response, then say it aloud.	Pada pandangan saya, perkara ini adil.
MRLC-MALAY-SPEAKING-A1-C1-V1	Malay Speaking: Beginner to Advanced	B2 · Unit 9: Opinions, Plans and Problem-Solving	B2	Sentence Workshop	SELECT	SENTENCE PRACTICE / Choose the best Malay sentence for “I understand your point, but I have a concern.” / Choose the best Malay response, then say it aloud.	Saya faham pandangan awak, tetapi saya ada satu kebimbangan.
MRLC-MALAY-SPEAKING-A1-C1-V1	Malay Speaking: Beginner to Advanced	B2 · Unit 9: Opinions, Plans and Problem-Solving	B2	Sentence Workshop	ASSIST	SENTENCE PRACTICE / Choose the best Malay sentence for “This option is cheaper but slower.” / Choose the best Malay response, then say it aloud.	Pilihan ini lebih murah tetapi lebih lambat.
MRLC-MALAY-SPEAKING-A1-C1-V1	Malay Speaking: Beginner to Advanced	B2 · Unit 9: Opinions, Plans and Problem-Solving	B2	Sentence Workshop	SELECT	SENTENCE PRACTICE / Choose the best Malay sentence for “The main reason is safety.” / Choose the best Malay response, then say it aloud.	Sebab utama ialah keselamatan.
MRLC-MALAY-SPEAKING-A1-C1-V1	Malay Speaking: Beginner to Advanced	B2 · Unit 9: Opinions, Plans and Problem-Solving	B2	Sentence Workshop	SELECT	SENTENCE PRACTICE / Choose the best Malay sentence for “What are the advantages and disadvantages?” / Choose the best Malay response, then say it aloud.	Apakah kelebihan dan kekurangannya?
MRLC-MALAY-SPEAKING-A1-C1-V1	Malay Speaking: Beginner to Advanced	B2 · Unit 9: Opinions, Plans and Problem-Solving	B2	Sentence Workshop	ASSIST	SENTENCE PRACTICE / Choose the best Malay sentence for “We may need a backup plan.” / Choose the best Malay response, then say it aloud.	Kita mungkin memerlukan rancangan sandaran.
MRLC-MALAY-SPEAKING-A1-C1-V1	Malay Speaking: Beginner to Advanced	B2 · Unit 9: Opinions, Plans and Problem-Solving	B2	Sentence Workshop	SELECT	SENTENCE PRACTICE / Choose the best Malay sentence for “Let us review the facts first.” / Choose the best Malay response, then say it aloud.	Mari kita semak fakta terlebih dahulu.
MRLC-MALAY-SPEAKING-A1-C1-V1	Malay Speaking: Beginner to Advanced	B2 · Unit 9: Opinions, Plans and Problem-Solving	B2	Sentence Workshop	SELECT	SENTENCE PRACTICE / Choose the best Malay sentence for “We reached a decision after discussing it.” / Choose the best Malay response, then say it aloud.	Kami mencapai keputusan selepas berbincang.
MRLC-MALAY-SPEAKING-A1-C1-V1	Malay Speaking: Beginner to Advanced	C1 · Unit 10: Meetings, Presentations and Negotiation	C1	Vocabulary Sprint	SELECT	Which Malay word or phrase means “agenda”? Listen, choose, and say it aloud.	agenda
MRLC-MALAY-SPEAKING-A1-C1-V1	Malay Speaking: Beginner to Advanced	C1 · Unit 10: Meetings, Presentations and Negotiation	C1	Vocabulary Sprint	SELECT	Which Malay word or phrase means “objective”? Listen, choose, and say it aloud.	objektif
MRLC-MALAY-SPEAKING-A1-C1-V1	Malay Speaking: Beginner to Advanced	C1 · Unit 10: Meetings, Presentations and Negotiation	C1	Vocabulary Sprint	SELECT	Which Malay word or phrase means “presentation”? Listen, choose, and say it aloud.	pembentangan
MRLC-MALAY-SPEAKING-A1-C1-V1	Malay Speaking: Beginner to Advanced	C1 · Unit 10: Meetings, Presentations and Negotiation	C1	Vocabulary Sprint	ASSIST	Which Malay word or phrase means “data”? Listen, choose, and say it aloud.	data
MRLC-MALAY-SPEAKING-A1-C1-V1	Malay Speaking: Beginner to Advanced	C1 · Unit 10: Meetings, Presentations and Negotiation	C1	Vocabulary Sprint	SELECT	Which Malay word or phrase means “progress”? Listen, choose, and say it aloud.	kemajuan
MRLC-MALAY-SPEAKING-A1-C1-V1	Malay Speaking: Beginner to Advanced	C1 · Unit 10: Meetings, Presentations and Negotiation	C1	Vocabulary Sprint	SELECT	Which Malay word or phrase means “challenge”? Listen, choose, and say it aloud.	cabaran
MRLC-MALAY-SPEAKING-A1-C1-V1	Malay Speaking: Beginner to Advanced	C1 · Unit 10: Meetings, Presentations and Negotiation	C1	Vocabulary Sprint	SELECT	Which Malay word or phrase means “budget”? Listen, choose, and say it aloud.	bajet
MRLC-MALAY-SPEAKING-A1-C1-V1	Malay Speaking: Beginner to Advanced	C1 · Unit 10: Meetings, Presentations and Negotiation	C1	Vocabulary Sprint	ASSIST	Which Malay word or phrase means “negotiation”? Listen, choose, and say it aloud.	rundingan
MRLC-MALAY-SPEAKING-A1-C1-V1	Malay Speaking: Beginner to Advanced	C1 · Unit 10: Meetings, Presentations and Negotiation	C1	Vocabulary Sprint	SELECT	Which Malay word or phrase means “compromise”? Listen, choose, and say it aloud.	kompromi
MRLC-MALAY-SPEAKING-A1-C1-V1	Malay Speaking: Beginner to Advanced	C1 · Unit 10: Meetings, Presentations and Negotiation	C1	Vocabulary Sprint	SELECT	Which Malay word or phrase means “action”? Listen, choose, and say it aloud.	tindakan
MRLC-MALAY-SPEAKING-A1-C1-V1	Malay Speaking: Beginner to Advanced	C1 · Unit 10: Meetings, Presentations and Negotiation	C1	Daily Speaking Sentences	SELECT	SPEAKING SCENARIO / Open a meeting and state the objective. / Choose the best Malay response, then say it aloud.	Terima kasih kerana hadir. Objektif mesyuarat hari ini ialah menyemak kemajuan projek.
MRLC-MALAY-SPEAKING-A1-C1-V1	Malay Speaking: Beginner to Advanced	C1 · Unit 10: Meetings, Presentations and Negotiation	C1	Daily Speaking Sentences	SELECT	SPEAKING SCENARIO / Move to the first agenda item. / Choose the best Malay response, then say it aloud.	Mari kita mulakan dengan perkara pertama dalam agenda.
MRLC-MALAY-SPEAKING-A1-C1-V1	Malay Speaking: Beginner to Advanced	C1 · Unit 10: Meetings, Presentations and Negotiation	C1	Daily Speaking Sentences	ASSIST	SPEAKING SCENARIO / Present a key data finding. / Choose the best Malay response, then say it aloud.	Berdasarkan data terkini, kadar penyertaan meningkat sebanyak dua puluh peratus.
MRLC-MALAY-SPEAKING-A1-C1-V1	Malay Speaking: Beginner to Advanced	C1 · Unit 10: Meetings, Presentations and Negotiation	C1	Daily Speaking Sentences	SELECT	SPEAKING SCENARIO / Ask a speaker to clarify a point. / Choose the best Malay response, then say it aloud.	Boleh jelaskan bagaimana angka itu dikira?
MRLC-MALAY-SPEAKING-A1-C1-V1	Malay Speaking: Beginner to Advanced	C1 · Unit 10: Meetings, Presentations and Negotiation	C1	Daily Speaking Sentences	SELECT	SPEAKING SCENARIO / Acknowledge a challenge without stopping the plan. / Choose the best Malay response, then say it aloud.	Walaupun terdapat beberapa cabaran, projek masih berada di landasan yang betul.
MRLC-MALAY-SPEAKING-A1-C1-V1	Malay Speaking: Beginner to Advanced	C1 · Unit 10: Meetings, Presentations and Negotiation	C1	Daily Speaking Sentences	ASSIST	SPEAKING SCENARIO / Negotiate additional time. / Choose the best Malay response, then say it aloud.	Kami mencadangkan lanjutan satu minggu agar kualiti hasil dapat dikekalkan.
MRLC-MALAY-SPEAKING-A1-C1-V1	Malay Speaking: Beginner to Advanced	C1 · Unit 10: Meetings, Presentations and Negotiation	C1	Daily Speaking Sentences	SELECT	SPEAKING SCENARIO / Offer a compromise. / Choose the best Malay response, then say it aloud.	Sebagai kompromi, kami boleh menyerahkan bahagian pertama pada hari Jumaat.
MRLC-MALAY-SPEAKING-A1-C1-V1	Malay Speaking: Beginner to Advanced	C1 · Unit 10: Meetings, Presentations and Negotiation	C1	Daily Speaking Sentences	SELECT	SPEAKING SCENARIO / Close with action items. / Choose the best Malay response, then say it aloud.	Sebelum kita tamat, mari kita sahkan tindakan dan pihak yang bertanggungjawab.
MRLC-MALAY-SPEAKING-A1-C1-V1	Malay Speaking: Beginner to Advanced	C1 · Unit 10: Meetings, Presentations and Negotiation	C1	Scenario Dialogue	SELECT	COMPLETE THE DIALOGUE / Pengerusi: Adakah semua orang bersedia untuk perkara pertama? / Ahli: ... / Choose the best Malay response, then say it aloud.	Ya, sila teruskan dengan kemas kini projek.
MRLC-MALAY-SPEAKING-A1-C1-V1	Malay Speaking: Beginner to Advanced	C1 · Unit 10: Meetings, Presentations and Negotiation	C1	Scenario Dialogue	SELECT	COMPLETE THE DIALOGUE / Pembentang: Kadar penyertaan meningkat dua puluh peratus. / Ahli: ... / Choose the best Malay response, then say it aloud.	Boleh jelaskan faktor utama yang mendorong peningkatan itu?
MRLC-MALAY-SPEAKING-A1-C1-V1	Malay Speaking: Beginner to Advanced	C1 · Unit 10: Meetings, Presentations and Negotiation	C1	Scenario Dialogue	ASSIST	COMPLETE THE DIALOGUE / Pengurus: Tarikh akhir tidak boleh diubah. / Ketua projek: ... / Choose the best Malay response, then say it aloud.	Bolehkah kita bincangkan penyerahan secara berperingkat sebagai kompromi?
MRLC-MALAY-SPEAKING-A1-C1-V1	Malay Speaking: Beginner to Advanced	C1 · Unit 10: Meetings, Presentations and Negotiation	C1	Scenario Dialogue	SELECT	COMPLETE THE DIALOGUE / Klien: Bajet kami terhad. / Wakil: ... / Choose the best Malay response, then say it aloud.	Kami boleh menyesuaikan skop tanpa menjejaskan objektif utama.
MRLC-MALAY-SPEAKING-A1-C1-V1	Malay Speaking: Beginner to Advanced	C1 · Unit 10: Meetings, Presentations and Negotiation	C1	Scenario Dialogue	SELECT	COMPLETE THE DIALOGUE / Pengerusi: Siapa akan menyediakan laporan akhir? / Ahli: ... / Choose the best Malay response, then say it aloud.	Saya akan menyediakannya dan menghantar draf pada hari Rabu.
MRLC-MALAY-SPEAKING-A1-C1-V1	Malay Speaking: Beginner to Advanced	C1 · Unit 10: Meetings, Presentations and Negotiation	C1	Scenario Dialogue	ASSIST	COMPLETE THE DIALOGUE / Pengerusi: Ada perkara lain sebelum kita tamat? / Ahli: ... / Choose the best Malay response, then say it aloud.	Tiada. Semua tindakan dan tarikh akhir sudah jelas.
MRLC-MALAY-SPEAKING-A1-C1-V1	Malay Speaking: Beginner to Advanced	C1 · Unit 10: Meetings, Presentations and Negotiation	C1	Sentence Workshop	SELECT	SENTENCE PRACTICE / Choose the most formal Malay sentence for “The proposal will be reviewed.” / Choose the best Malay response, then say it aloud.	Cadangan tersebut akan dikaji semula.
MRLC-MALAY-SPEAKING-A1-C1-V1	Malay Speaking: Beginner to Advanced	C1 · Unit 10: Meetings, Presentations and Negotiation	C1	Sentence Workshop	SELECT	SENTENCE PRACTICE / Choose the best Malay sentence for “We need to identify the root cause.” / Choose the best Malay response, then say it aloud.	Kita perlu mengenal pasti punca utama.
MRLC-MALAY-SPEAKING-A1-C1-V1	Malay Speaking: Beginner to Advanced	C1 · Unit 10: Meetings, Presentations and Negotiation	C1	Sentence Workshop	ASSIST	SENTENCE PRACTICE / Choose the best Malay sentence for “The results support our recommendation.” / Choose the best Malay response, then say it aloud.	Dapatan tersebut menyokong syor kami.
MRLC-MALAY-SPEAKING-A1-C1-V1	Malay Speaking: Beginner to Advanced	C1 · Unit 10: Meetings, Presentations and Negotiation	C1	Sentence Workshop	SELECT	SENTENCE PRACTICE / Choose the best Malay sentence for “Could we return to the main issue?” / Choose the best Malay response, then say it aloud.	Bolehkah kita kembali kepada isu utama?
MRLC-MALAY-SPEAKING-A1-C1-V1	Malay Speaking: Beginner to Advanced	C1 · Unit 10: Meetings, Presentations and Negotiation	C1	Sentence Workshop	SELECT	SENTENCE PRACTICE / Choose the best Malay sentence for “I would like to raise one concern.” / Choose the best Malay response, then say it aloud.	Saya ingin membangkitkan satu kebimbangan.
MRLC-MALAY-SPEAKING-A1-C1-V1	Malay Speaking: Beginner to Advanced	C1 · Unit 10: Meetings, Presentations and Negotiation	C1	Sentence Workshop	ASSIST	SENTENCE PRACTICE / Choose the best Malay sentence for “This decision requires further approval.” / Choose the best Malay response, then say it aloud.	Keputusan ini memerlukan kelulusan lanjut.
MRLC-MALAY-SPEAKING-A1-C1-V1	Malay Speaking: Beginner to Advanced	C1 · Unit 10: Meetings, Presentations and Negotiation	C1	Sentence Workshop	SELECT	SENTENCE PRACTICE / Choose the best Malay sentence for “We are prepared to reconsider the price.” / Choose the best Malay response, then say it aloud.	Kami bersedia untuk mempertimbangkan semula harga tersebut.
MRLC-MALAY-SPEAKING-A1-C1-V1	Malay Speaking: Beginner to Advanced	C1 · Unit 10: Meetings, Presentations and Negotiation	C1	Sentence Workshop	SELECT	SENTENCE PRACTICE / Choose the best Malay sentence for “The next step is to confirm the schedule.” / Choose the best Malay response, then say it aloud.	Langkah seterusnya ialah mengesahkan jadual.
MRLC-MALAY-SPEAKING-A1-C1-V1	Malay Speaking: Beginner to Advanced	C1 · Unit 11: News, Society and the Environment	C1	Vocabulary Sprint	SELECT	Which Malay word or phrase means “news”? Listen, choose, and say it aloud.	berita
MRLC-MALAY-SPEAKING-A1-C1-V1	Malay Speaking: Beginner to Advanced	C1 · Unit 11: News, Society and the Environment	C1	Vocabulary Sprint	SELECT	Which Malay word or phrase means “society”? Listen, choose, and say it aloud.	masyarakat
MRLC-MALAY-SPEAKING-A1-C1-V1	Malay Speaking: Beginner to Advanced	C1 · Unit 11: News, Society and the Environment	C1	Vocabulary Sprint	SELECT	Which Malay word or phrase means “economy”? Listen, choose, and say it aloud.	ekonomi
MRLC-MALAY-SPEAKING-A1-C1-V1	Malay Speaking: Beginner to Advanced	C1 · Unit 11: News, Society and the Environment	C1	Vocabulary Sprint	ASSIST	Which Malay word or phrase means “education”? Listen, choose, and say it aloud.	pendidikan
MRLC-MALAY-SPEAKING-A1-C1-V1	Malay Speaking: Beginner to Advanced	C1 · Unit 11: News, Society and the Environment	C1	Vocabulary Sprint	SELECT	Which Malay word or phrase means “public health”? Listen, choose, and say it aloud.	kesihatan awam
MRLC-MALAY-SPEAKING-A1-C1-V1	Malay Speaking: Beginner to Advanced	C1 · Unit 11: News, Society and the Environment	C1	Vocabulary Sprint	SELECT	Which Malay word or phrase means “environment”? Listen, choose, and say it aloud.	alam sekitar
MRLC-MALAY-SPEAKING-A1-C1-V1	Malay Speaking: Beginner to Advanced	C1 · Unit 11: News, Society and the Environment	C1	Vocabulary Sprint	SELECT	Which Malay word or phrase means “pollution”? Listen, choose, and say it aloud.	pencemaran
MRLC-MALAY-SPEAKING-A1-C1-V1	Malay Speaking: Beginner to Advanced	C1 · Unit 11: News, Society and the Environment	C1	Vocabulary Sprint	ASSIST	Which Malay word or phrase means “climate change”? Listen, choose, and say it aloud.	perubahan iklim
MRLC-MALAY-SPEAKING-A1-C1-V1	Malay Speaking: Beginner to Advanced	C1 · Unit 11: News, Society and the Environment	C1	Vocabulary Sprint	SELECT	Which Malay word or phrase means “source / resource”? Listen, choose, and say it aloud.	sumber
MRLC-MALAY-SPEAKING-A1-C1-V1	Malay Speaking: Beginner to Advanced	C1 · Unit 11: News, Society and the Environment	C1	Vocabulary Sprint	SELECT	Which Malay word or phrase means “policy”? Listen, choose, and say it aloud.	dasar
MRLC-MALAY-SPEAKING-A1-C1-V1	Malay Speaking: Beginner to Advanced	C1 · Unit 11: News, Society and the Environment	C1	Daily Speaking Sentences	SELECT	SPEAKING SCENARIO / Introduce the main point of a report. / Choose the best Malay response, then say it aloud.	Laporan ini menumpukan kesan kenaikan kos terhadap keluarga berpendapatan rendah.
MRLC-MALAY-SPEAKING-A1-C1-V1	Malay Speaking: Beginner to Advanced	C1 · Unit 11: News, Society and the Environment	C1	Daily Speaking Sentences	SELECT	SPEAKING SCENARIO / Question the reliability of a source. / Choose the best Malay response, then say it aloud.	Kita perlu menilai sama ada sumber tersebut boleh dipercayai.
MRLC-MALAY-SPEAKING-A1-C1-V1	Malay Speaking: Beginner to Advanced	C1 · Unit 11: News, Society and the Environment	C1	Daily Speaking Sentences	ASSIST	SPEAKING SCENARIO / Refer to supporting evidence. / Choose the best Malay response, then say it aloud.	Dakwaan itu disokong oleh data daripada beberapa kajian bebas.
MRLC-MALAY-SPEAKING-A1-C1-V1	Malay Speaking: Beginner to Advanced	C1 · Unit 11: News, Society and the Environment	C1	Daily Speaking Sentences	SELECT	SPEAKING SCENARIO / Explain a consequence. / Choose the best Malay response, then say it aloud.	Pencemaran udara boleh menjejaskan kesihatan awam dalam jangka panjang.
MRLC-MALAY-SPEAKING-A1-C1-V1	Malay Speaking: Beginner to Advanced	C1 · Unit 11: News, Society and the Environment	C1	Daily Speaking Sentences	SELECT	SPEAKING SCENARIO / Qualify a claim. / Choose the best Malay response, then say it aloud.	Walaupun trend ini membimbangkan, datanya masih terhad.
MRLC-MALAY-SPEAKING-A1-C1-V1	Malay Speaking: Beginner to Advanced	C1 · Unit 11: News, Society and the Environment	C1	Daily Speaking Sentences	ASSIST	SPEAKING SCENARIO / Present another perspective. / Choose the best Malay response, then say it aloud.	Dari sudut ekonomi, langkah itu mungkin meningkatkan kos dalam jangka pendek.
MRLC-MALAY-SPEAKING-A1-C1-V1	Malay Speaking: Beginner to Advanced	C1 · Unit 11: News, Society and the Environment	C1	Daily Speaking Sentences	SELECT	SPEAKING SCENARIO / Propose a policy response. / Choose the best Malay response, then say it aloud.	Kerajaan boleh memperluas pengangkutan awam dan menggalakkan penggunaan tenaga bersih.
MRLC-MALAY-SPEAKING-A1-C1-V1	Malay Speaking: Beginner to Advanced	C1 · Unit 11: News, Society and the Environment	C1	Daily Speaking Sentences	SELECT	SPEAKING SCENARIO / Link the evidence to a conclusion. / Choose the best Malay response, then say it aloud.	Sehubungan dengan itu, tindakan pencegahan perlu dilaksanakan dengan segera.
MRLC-MALAY-SPEAKING-A1-C1-V1	Malay Speaking: Beginner to Advanced	C1 · Unit 11: News, Society and the Environment	C1	Scenario Dialogue	SELECT	COMPLETE THE DIALOGUE / A: Apakah isu utama dalam berita ini? / B: ... / Choose the best Malay response, then say it aloud.	Isu utamanya ialah peningkatan kos sara hidup.
MRLC-MALAY-SPEAKING-A1-C1-V1	Malay Speaking: Beginner to Advanced	C1 · Unit 11: News, Society and the Environment	C1	Scenario Dialogue	SELECT	COMPLETE THE DIALOGUE / A: Adakah sumber itu boleh dipercayai? / B: ... / Choose the best Malay response, then say it aloud.	Nampaknya boleh, tetapi kita perlu menyemak kaedah pengumpulan datanya.
MRLC-MALAY-SPEAKING-A1-C1-V1	Malay Speaking: Beginner to Advanced	C1 · Unit 11: News, Society and the Environment	C1	Scenario Dialogue	ASSIST	COMPLETE THE DIALOGUE / A: Apakah kesan pencemaran terhadap masyarakat? / B: ... / Choose the best Malay response, then say it aloud.	Ia boleh meningkatkan masalah pernafasan dan kos kesihatan.
MRLC-MALAY-SPEAKING-A1-C1-V1	Malay Speaking: Beginner to Advanced	C1 · Unit 11: News, Society and the Environment	C1	Scenario Dialogue	SELECT	COMPLETE THE DIALOGUE / A: Patutkah dasar itu dilaksanakan segera? / B: ... / Choose the best Malay response, then say it aloud.	Ya, tetapi bantuan peralihan perlu diberikan kepada kumpulan yang terjejas.
MRLC-MALAY-SPEAKING-A1-C1-V1	Malay Speaking: Beginner to Advanced	C1 · Unit 11: News, Society and the Environment	C1	Scenario Dialogue	SELECT	COMPLETE THE DIALOGUE / A: Ada pandangan lain? / B: ... / Choose the best Malay response, then say it aloud.	Dari sudut lain, dasar itu boleh mewujudkan peluang pekerjaan baharu.
MRLC-MALAY-SPEAKING-A1-C1-V1	Malay Speaking: Beginner to Advanced	C1 · Unit 11: News, Society and the Environment	C1	Scenario Dialogue	ASSIST	COMPLETE THE DIALOGUE / A: Apakah kesimpulan awak? / B: ... / Choose the best Malay response, then say it aloud.	Penyelesaian yang seimbang perlu mengambil kira alam sekitar dan ekonomi.
MRLC-MALAY-SPEAKING-A1-C1-V1	Malay Speaking: Beginner to Advanced	C1 · Unit 11: News, Society and the Environment	C1	Sentence Workshop	SELECT	SENTENCE PRACTICE / Choose the best Malay sentence for “The policy was introduced last year.” / Choose the best Malay response, then say it aloud.	Dasar itu diperkenalkan pada tahun lalu.
MRLC-MALAY-SPEAKING-A1-C1-V1	Malay Speaking: Beginner to Advanced	C1 · Unit 11: News, Society and the Environment	C1	Sentence Workshop	SELECT	SENTENCE PRACTICE / Choose the best Malay sentence for “There is insufficient evidence to reach a conclusion.” / Choose the best Malay response, then say it aloud.	Bukti yang ada belum mencukupi untuk membuat kesimpulan.
MRLC-MALAY-SPEAKING-A1-C1-V1	Malay Speaking: Beginner to Advanced	C1 · Unit 11: News, Society and the Environment	C1	Sentence Workshop	ASSIST	SENTENCE PRACTICE / Choose the best Malay sentence for “The issue affects different groups differently.” / Choose the best Malay response, then say it aloud.	Isu ini memberi kesan yang berbeza kepada setiap kumpulan.
MRLC-MALAY-SPEAKING-A1-C1-V1	Malay Speaking: Beginner to Advanced	C1 · Unit 11: News, Society and the Environment	C1	Sentence Workshop	SELECT	SENTENCE PRACTICE / Choose the best Malay sentence for “In the long term, prevention is less costly.” / Choose the best Malay response, then say it aloud.	Dalam jangka panjang, pencegahan melibatkan kos yang lebih rendah.
MRLC-MALAY-SPEAKING-A1-C1-V1	Malay Speaking: Beginner to Advanced	C1 · Unit 11: News, Society and the Environment	C1	Sentence Workshop	SELECT	SENTENCE PRACTICE / Choose the best Malay sentence for “This claim should be verified.” / Choose the best Malay response, then say it aloud.	Dakwaan ini perlu disahkan.
MRLC-MALAY-SPEAKING-A1-C1-V1	Malay Speaking: Beginner to Advanced	C1 · Unit 11: News, Society and the Environment	C1	Sentence Workshop	ASSIST	SENTENCE PRACTICE / Choose the best Malay sentence for “Public awareness has increased.” / Choose the best Malay response, then say it aloud.	Kesedaran masyarakat telah meningkat.
MRLC-MALAY-SPEAKING-A1-C1-V1	Malay Speaking: Beginner to Advanced	C1 · Unit 11: News, Society and the Environment	C1	Sentence Workshop	SELECT	SENTENCE PRACTICE / Choose the best Malay sentence for “Not only is the air polluted, the river is also affected.” / Choose the best Malay response, then say it aloud.	Bukan sahaja udara tercemar, malah sungai turut terjejas.
MRLC-MALAY-SPEAKING-A1-C1-V1	Malay Speaking: Beginner to Advanced	C1 · Unit 11: News, Society and the Environment	C1	Sentence Workshop	SELECT	SENTENCE PRACTICE / Choose the best Malay sentence for “The solution requires cooperation from all parties.” / Choose the best Malay response, then say it aloud.	Penyelesaian itu memerlukan kerjasama semua pihak.
MRLC-MALAY-SPEAKING-A1-C1-V1	Malay Speaking: Beginner to Advanced	C1+ · Unit 12: Nuance, Idioms, Debate and Storytelling	C1+	Vocabulary Sprint	SELECT	Which Malay word or phrase means “care about / show concern”? Listen, choose, and say it aloud.	ambil berat
MRLC-MALAY-SPEAKING-A1-C1-V1	Malay Speaking: Beginner to Advanced	C1+ · Unit 12: Nuance, Idioms, Debate and Storytelling	C1+	Vocabulary Sprint	SELECT	Which Malay word or phrase means “hardworking and helpful”? Listen, choose, and say it aloud.	ringan tulang
MRLC-MALAY-SPEAKING-A1-C1-V1	Malay Speaking: Beginner to Advanced	C1+ · Unit 12: Nuance, Idioms, Debate and Storytelling	C1+	Vocabulary Sprint	SELECT	Which Malay word or phrase means “souvenir / gift from a trip”? Listen, choose, and say it aloud.	buah tangan
MRLC-MALAY-SPEAKING-A1-C1-V1	Malay Speaking: Beginner to Advanced	C1+ · Unit 12: Nuance, Idioms, Debate and Storytelling	C1+	Vocabulary Sprint	ASSIST	Which Malay word or phrase means “take a leisure trip”? Listen, choose, and say it aloud.	makan angin
MRLC-MALAY-SPEAKING-A1-C1-V1	Malay Speaking: Beginner to Advanced	C1+ · Unit 12: Nuance, Idioms, Debate and Storytelling	C1+	Vocabulary Sprint	SELECT	Which Malay word or phrase means “pleased / honoured”? Listen, choose, and say it aloud.	besar hati
MRLC-MALAY-SPEAKING-A1-C1-V1	Malay Speaking: Beginner to Advanced	C1+ · Unit 12: Nuance, Idioms, Debate and Storytelling	C1+	Vocabulary Sprint	SELECT	Which Malay word or phrase means “hurt or offended”? Listen, choose, and say it aloud.	kecil hati
MRLC-MALAY-SPEAKING-A1-C1-V1	Malay Speaking: Beginner to Advanced	C1+ · Unit 12: Nuance, Idioms, Debate and Storytelling	C1+	Vocabulary Sprint	SELECT	Which Malay word or phrase means “become angry”? Listen, choose, and say it aloud.	naik angin
MRLC-MALAY-SPEAKING-A1-C1-V1	Malay Speaking: Beginner to Advanced	C1+ · Unit 12: Nuance, Idioms, Debate and Storytelling	C1+	Vocabulary Sprint	ASSIST	Which Malay word or phrase means “support one another”? Listen, choose, and say it aloud.	bagai aur dengan tebing
MRLC-MALAY-SPEAKING-A1-C1-V1	Malay Speaking: Beginner to Advanced	C1+ · Unit 12: Nuance, Idioms, Debate and Storytelling	C1+	Vocabulary Sprint	SELECT	Which Malay word or phrase means “stance / position”? Listen, choose, and say it aloud.	pendirian
MRLC-MALAY-SPEAKING-A1-C1-V1	Malay Speaking: Beginner to Advanced	C1+ · Unit 12: Nuance, Idioms, Debate and Storytelling	C1+	Vocabulary Sprint	SELECT	Which Malay word or phrase means “conclusion”? Listen, choose, and say it aloud.	kesimpulan
MRLC-MALAY-SPEAKING-A1-C1-V1	Malay Speaking: Beginner to Advanced	C1+ · Unit 12: Nuance, Idioms, Debate and Storytelling	C1+	Daily Speaking Sentences	SELECT	SPEAKING SCENARIO / Clarify your real meaning. / Choose the best Malay response, then say it aloud.	Apa yang saya maksudkan ialah kita perlu lebih berhati-hati.
MRLC-MALAY-SPEAKING-A1-C1-V1	Malay Speaking: Beginner to Advanced	C1+ · Unit 12: Nuance, Idioms, Debate and Storytelling	C1+	Daily Speaking Sentences	SELECT	SPEAKING SCENARIO / Make a candid but respectful comment. / Choose the best Malay response, then say it aloud.	Sejujurnya, saya kurang yakin bahawa rancangan itu realistik.
MRLC-MALAY-SPEAKING-A1-C1-V1	Malay Speaking: Beginner to Advanced	C1+ · Unit 12: Nuance, Idioms, Debate and Storytelling	C1+	Daily Speaking Sentences	ASSIST	SPEAKING SCENARIO / Introduce a concession. / Choose the best Malay response, then say it aloud.	Walaupun cadangan itu mempunyai kelemahan, manfaatnya masih ketara.
MRLC-MALAY-SPEAKING-A1-C1-V1	Malay Speaking: Beginner to Advanced	C1+ · Unit 12: Nuance, Idioms, Debate and Storytelling	C1+	Daily Speaking Sentences	SELECT	SPEAKING SCENARIO / Present another angle. / Choose the best Malay response, then say it aloud.	Dari sudut yang lain, perubahan ini boleh membuka peluang baharu.
MRLC-MALAY-SPEAKING-A1-C1-V1	Malay Speaking: Beginner to Advanced	C1+ · Unit 12: Nuance, Idioms, Debate and Storytelling	C1+	Daily Speaking Sentences	SELECT	SPEAKING SCENARIO / Introduce an example. / Choose the best Malay response, then say it aloud.	Izinkan saya memberikan satu contoh yang berkaitan.
MRLC-MALAY-SPEAKING-A1-C1-V1	Malay Speaking: Beginner to Advanced	C1+ · Unit 12: Nuance, Idioms, Debate and Storytelling	C1+	Daily Speaking Sentences	ASSIST	SPEAKING SCENARIO / Acknowledge and rebut an argument. / Choose the best Malay response, then say it aloud.	Saya faham hujah itu, tetapi bukti yang ada menunjukkan sebaliknya.
MRLC-MALAY-SPEAKING-A1-C1-V1	Malay Speaking: Beginner to Advanced	C1+ · Unit 12: Nuance, Idioms, Debate and Storytelling	C1+	Daily Speaking Sentences	SELECT	SPEAKING SCENARIO / State a conclusion. / Choose the best Malay response, then say it aloud.	Kesimpulannya, penyelesaian terbaik ialah pendekatan yang berperingkat.
MRLC-MALAY-SPEAKING-A1-C1-V1	Malay Speaking: Beginner to Advanced	C1+ · Unit 12: Nuance, Idioms, Debate and Storytelling	C1+	Daily Speaking Sentences	SELECT	SPEAKING SCENARIO / Sequence a story. / Choose the best Malay response, then say it aloud.	Pada mulanya saya ragu-ragu, kemudian saya mencuba, dan akhirnya saya berjaya.
MRLC-MALAY-SPEAKING-A1-C1-V1	Malay Speaking: Beginner to Advanced	C1+ · Unit 12: Nuance, Idioms, Debate and Storytelling	C1+	Scenario Dialogue	SELECT	COMPLETE THE DIALOGUE / A: Dia selalu membantu jiran tanpa diminta. / B: ... / Choose the best Malay response, then say it aloud.	Memang betul, dia seorang yang ringan tulang.
MRLC-MALAY-SPEAKING-A1-C1-V1	Malay Speaking: Beginner to Advanced	C1+ · Unit 12: Nuance, Idioms, Debate and Storytelling	C1+	Scenario Dialogue	SELECT	COMPLETE THE DIALOGUE / A: Saya bawa sesuatu dari Melaka untuk awak. / B: ... / Choose the best Malay response, then say it aloud.	Terima kasih atas buah tangan ini.
MRLC-MALAY-SPEAKING-A1-C1-V1	Malay Speaking: Beginner to Advanced	C1+ · Unit 12: Nuance, Idioms, Debate and Storytelling	C1+	Scenario Dialogue	ASSIST	COMPLETE THE DIALOGUE / A: Jangan kecil hati, saya cuma mahu memberi cadangan. / B: ... / Choose the best Malay response, then say it aloud.	Baik, saya faham maksud awak.
MRLC-MALAY-SPEAKING-A1-C1-V1	Malay Speaking: Beginner to Advanced	C1+ · Unit 12: Nuance, Idioms, Debate and Storytelling	C1+	Scenario Dialogue	SELECT	COMPLETE THE DIALOGUE / A: Saya setuju bahawa kos penting. / B: ... / Choose the best Malay response, then say it aloud.	Namun begitu, keselamatan tidak patut dikompromikan.
MRLC-MALAY-SPEAKING-A1-C1-V1	Malay Speaking: Beginner to Advanced	C1+ · Unit 12: Nuance, Idioms, Debate and Storytelling	C1+	Scenario Dialogue	SELECT	COMPLETE THE DIALOGUE / A: Apakah bukti yang menyokong pendirian awak? / B: ... / Choose the best Malay response, then say it aloud.	Saya merujuk kepada dua kajian dan data penggunaan sebenar.
MRLC-MALAY-SPEAKING-A1-C1-V1	Malay Speaking: Beginner to Advanced	C1+ · Unit 12: Nuance, Idioms, Debate and Storytelling	C1+	Scenario Dialogue	ASSIST	COMPLETE THE DIALOGUE / A: Bagaimana cerita itu berakhir? / B: ... / Choose the best Malay response, then say it aloud.	Akhirnya, kami menyelesaikan masalah itu melalui kerjasama.
MRLC-MALAY-SPEAKING-A1-C1-V1	Malay Speaking: Beginner to Advanced	C1+ · Unit 12: Nuance, Idioms, Debate and Storytelling	C1+	Sentence Workshop	SELECT	SENTENCE PRACTICE / Choose the idiom that means “to care about someone.” / Choose the best Malay response, then say it aloud.	ambil berat
MRLC-MALAY-SPEAKING-A1-C1-V1	Malay Speaking: Beginner to Advanced	C1+ · Unit 12: Nuance, Idioms, Debate and Storytelling	C1+	Sentence Workshop	SELECT	SENTENCE PRACTICE / Choose the idiom for “a souvenir brought home from a trip.” / Choose the best Malay response, then say it aloud.	buah tangan
MRLC-MALAY-SPEAKING-A1-C1-V1	Malay Speaking: Beginner to Advanced	C1+ · Unit 12: Nuance, Idioms, Debate and Storytelling	C1+	Sentence Workshop	ASSIST	SENTENCE PRACTICE / Choose the best Malay sentence for “Although I disagree, I respect your stance.” / Choose the best Malay response, then say it aloud.	Walaupun saya tidak bersetuju, saya menghormati pendirian awak.
MRLC-MALAY-SPEAKING-A1-C1-V1	Malay Speaking: Beginner to Advanced	C1+ · Unit 12: Nuance, Idioms, Debate and Storytelling	C1+	Sentence Workshop	SELECT	SENTENCE PRACTICE / Choose the best Malay sentence for “What matters is not speed, but accuracy.” / Choose the best Malay response, then say it aloud.	Yang penting bukanlah kepantasan, tetapi ketepatan.
MRLC-MALAY-SPEAKING-A1-C1-V1	Malay Speaking: Beginner to Advanced	C1+ · Unit 12: Nuance, Idioms, Debate and Storytelling	C1+	Sentence Workshop	SELECT	SENTENCE PRACTICE / Choose the best Malay sentence for “Let me rephrase that more clearly.” / Choose the best Malay response, then say it aloud.	Izinkan saya menyatakannya semula dengan lebih jelas.
MRLC-MALAY-SPEAKING-A1-C1-V1	Malay Speaking: Beginner to Advanced	C1+ · Unit 12: Nuance, Idioms, Debate and Storytelling	C1+	Sentence Workshop	ASSIST	SENTENCE PRACTICE / Choose the best Malay sentence for “The argument sounds convincing, yet it overlooks one issue.” / Choose the best Malay response, then say it aloud.	Hujah itu kedengaran meyakinkan, namun mengabaikan satu isu.
MRLC-MALAY-SPEAKING-A1-C1-V1	Malay Speaking: Beginner to Advanced	C1+ · Unit 12: Nuance, Idioms, Debate and Storytelling	C1+	Sentence Workshop	SELECT	SENTENCE PRACTICE / Choose the best Malay sentence for “At first everything went smoothly, but then a problem arose.” / Choose the best Malay response, then say it aloud.	Pada mulanya semuanya berjalan lancar, tetapi kemudian timbul satu masalah.
MRLC-MALAY-SPEAKING-A1-C1-V1	Malay Speaking: Beginner to Advanced	C1+ · Unit 12: Nuance, Idioms, Debate and Storytelling	C1+	Sentence Workshop	SELECT	SENTENCE PRACTICE / Choose the best Malay sentence for “In conclusion, cooperation is the key.” / Choose the best Malay response, then say it aloud.	Kesimpulannya, kerjasama ialah kuncinya.
MRLC-MALAY-GOVINFO-GUIDE-V1	Modern Spoken Malay: Source-Guided Course	A1 · Unit 1: Clear Sounds and Learning Phrases	A1	Vocabulary and Audio	SELECT	Which modern Malay word or phrase means “listen”? Listen, choose, and say it aloud.	dengar
MRLC-MALAY-GOVINFO-GUIDE-V1	Modern Spoken Malay: Source-Guided Course	A1 · Unit 1: Clear Sounds and Learning Phrases	A1	Vocabulary and Audio	SELECT	Which modern Malay word or phrase means “repeat”? Listen, choose, and say it aloud.	ulang
MRLC-MALAY-GOVINFO-GUIDE-V1	Modern Spoken Malay: Source-Guided Course	A1 · Unit 1: Clear Sounds and Learning Phrases	A1	Vocabulary and Audio	SELECT	Which modern Malay word or phrase means “pronounce / say”? Listen, choose, and say it aloud.	sebut
MRLC-MALAY-GOVINFO-GUIDE-V1	Modern Spoken Malay: Source-Guided Course	A1 · Unit 1: Clear Sounds and Learning Phrases	A1	Vocabulary and Audio	ASSIST	Which modern Malay word or phrase means “clear”? Listen, choose, and say it aloud.	jelas
MRLC-MALAY-GOVINFO-GUIDE-V1	Modern Spoken Malay: Source-Guided Course	A1 · Unit 1: Clear Sounds and Learning Phrases	A1	Vocabulary and Audio	SELECT	Which modern Malay word or phrase means “slowly”? Listen, choose, and say it aloud.	perlahan
MRLC-MALAY-GOVINFO-GUIDE-V1	Modern Spoken Malay: Source-Guided Course	A1 · Unit 1: Clear Sounds and Learning Phrases	A1	Vocabulary and Audio	SELECT	Which modern Malay word or phrase means “quickly”? Listen, choose, and say it aloud.	cepat
MRLC-MALAY-GOVINFO-GUIDE-V1	Modern Spoken Malay: Source-Guided Course	A1 · Unit 1: Clear Sounds and Learning Phrases	A1	Vocabulary and Audio	SELECT	Which modern Malay word or phrase means “sound”? Listen, choose, and say it aloud.	bunyi
MRLC-MALAY-GOVINFO-GUIDE-V1	Modern Spoken Malay: Source-Guided Course	A1 · Unit 1: Clear Sounds and Learning Phrases	A1	Vocabulary and Audio	ASSIST	Which modern Malay word or phrase means “syllable”? Listen, choose, and say it aloud.	suku kata
MRLC-MALAY-GOVINFO-GUIDE-V1	Modern Spoken Malay: Source-Guided Course	A1 · Unit 1: Clear Sounds and Learning Phrases	A1	Vocabulary and Audio	SELECT	Which modern Malay word or phrase means “intonation”? Listen, choose, and say it aloud.	intonasi
MRLC-MALAY-GOVINFO-GUIDE-V1	Modern Spoken Malay: Source-Guided Course	A1 · Unit 1: Clear Sounds and Learning Phrases	A1	Vocabulary and Audio	SELECT	Which modern Malay word or phrase means “practice”? Listen, choose, and say it aloud.	latihan
MRLC-MALAY-GOVINFO-GUIDE-V1	Modern Spoken Malay: Source-Guided Course	A1 · Unit 1: Clear Sounds and Learning Phrases	A1	Daily Speaking	SELECT	DAILY SPEAKING / Ask someone to repeat. / Choose the best modern Malay response, then say it aloud.	Boleh ulang sekali lagi?
MRLC-MALAY-GOVINFO-GUIDE-V1	Modern Spoken Malay: Source-Guided Course	A1 · Unit 1: Clear Sounds and Learning Phrases	A1	Daily Speaking	SELECT	DAILY SPEAKING / Ask someone to speak more slowly. / Choose the best modern Malay response, then say it aloud.	Tolong cakap lebih perlahan.
MRLC-MALAY-GOVINFO-GUIDE-V1	Modern Spoken Malay: Source-Guided Course	A1 · Unit 1: Clear Sounds and Learning Phrases	A1	Daily Speaking	ASSIST	DAILY SPEAKING / Say that you did not hear clearly. / Choose the best modern Malay response, then say it aloud.	Saya tidak dengar dengan jelas.
MRLC-MALAY-GOVINFO-GUIDE-V1	Modern Spoken Malay: Source-Guided Course	A1 · Unit 1: Clear Sounds and Learning Phrases	A1	Daily Speaking	SELECT	DAILY SPEAKING / Ask how a word is pronounced. / Choose the best modern Malay response, then say it aloud.	Bagaimana sebutan perkataan ini?
MRLC-MALAY-GOVINFO-GUIDE-V1	Modern Spoken Malay: Source-Guided Course	A1 · Unit 1: Clear Sounds and Learning Phrases	A1	Daily Speaking	SELECT	DAILY SPEAKING / Ask what a word means. / Choose the best modern Malay response, then say it aloud.	Apakah maksud perkataan ini?
MRLC-MALAY-GOVINFO-GUIDE-V1	Modern Spoken Malay: Source-Guided Course	A1 · Unit 1: Clear Sounds and Learning Phrases	A1	Daily Speaking	ASSIST	DAILY SPEAKING / Say that you understand now. / Choose the best modern Malay response, then say it aloud.	Sekarang saya faham.
MRLC-MALAY-GOVINFO-GUIDE-V1	Modern Spoken Malay: Source-Guided Course	A1 · Unit 1: Clear Sounds and Learning Phrases	A1	Daily Speaking	SELECT	DAILY SPEAKING / Say that you need more practice. / Choose the best modern Malay response, then say it aloud.	Saya perlu lebih banyak latihan.
MRLC-MALAY-GOVINFO-GUIDE-V1	Modern Spoken Malay: Source-Guided Course	A1 · Unit 1: Clear Sounds and Learning Phrases	A1	Daily Speaking	SELECT	DAILY SPEAKING / Ask to listen one more time. / Choose the best modern Malay response, then say it aloud.	Boleh saya dengar sekali lagi?
MRLC-MALAY-GOVINFO-GUIDE-V1	Modern Spoken Malay: Source-Guided Course	A1 · Unit 1: Clear Sounds and Learning Phrases	A1	Scenario Practice	SELECT	SCENARIO DIALOGUE / Guru: Dengar dan ulang: terima kasih. / Pelajar: ... / Choose the best modern Malay response, then say it aloud.	Terima kasih.
MRLC-MALAY-GOVINFO-GUIDE-V1	Modern Spoken Malay: Source-Guided Course	A1 · Unit 1: Clear Sounds and Learning Phrases	A1	Scenario Practice	SELECT	SCENARIO DIALOGUE / Pelajar: Maaf, boleh ulang sekali lagi? / Guru: ... / Choose the best modern Malay response, then say it aloud.	Boleh. Dengar baik-baik.
MRLC-MALAY-GOVINFO-GUIDE-V1	Modern Spoken Malay: Source-Guided Course	A1 · Unit 1: Clear Sounds and Learning Phrases	A1	Scenario Practice	ASSIST	SCENARIO DIALOGUE / Guru: Cuba sebut perkataan ini. / Pelajar: ... / Choose the best modern Malay response, then say it aloud.	Baik, saya akan cuba.
MRLC-MALAY-GOVINFO-GUIDE-V1	Modern Spoken Malay: Source-Guided Course	A1 · Unit 1: Clear Sounds and Learning Phrases	A1	Scenario Practice	SELECT	SCENARIO DIALOGUE / Pelajar: Adakah sebutan saya betul? / Guru: ... / Choose the best modern Malay response, then say it aloud.	Hampir betul. Cuba sekali lagi.
MRLC-MALAY-GOVINFO-GUIDE-V1	Modern Spoken Malay: Source-Guided Course	A1 · Unit 1: Clear Sounds and Learning Phrases	A1	Scenario Practice	SELECT	SCENARIO DIALOGUE / Guru: Cakap dengan lebih jelas. / Pelajar: ... / Choose the best modern Malay response, then say it aloud.	Baik, saya akan cakap dengan lebih jelas.
MRLC-MALAY-GOVINFO-GUIDE-V1	Modern Spoken Malay: Source-Guided Course	A1 · Unit 1: Clear Sounds and Learning Phrases	A1	Scenario Practice	ASSIST	SCENARIO DIALOGUE / Pelajar: Apakah maksud “perlahan”? / Guru: ... / Choose the best modern Malay response, then say it aloud.	Maksudnya tidak cepat.
MRLC-MALAY-GOVINFO-GUIDE-V1	Modern Spoken Malay: Source-Guided Course	A1 · Unit 1: Clear Sounds and Learning Phrases	A1	Sentence and Source Workshop	SELECT	SENTENCE PRACTICE / Choose the best Malay sentence for “Please listen carefully.” / Choose the best modern Malay response, then say it aloud.	Tolong dengar dengan teliti.
MRLC-MALAY-GOVINFO-GUIDE-V1	Modern Spoken Malay: Source-Guided Course	A1 · Unit 1: Clear Sounds and Learning Phrases	A1	Sentence and Source Workshop	SELECT	SENTENCE PRACTICE / Choose the best Malay sentence for “Say it again.” / Choose the best modern Malay response, then say it aloud.	Sebut sekali lagi.
MRLC-MALAY-GOVINFO-GUIDE-V1	Modern Spoken Malay: Source-Guided Course	A1 · Unit 1: Clear Sounds and Learning Phrases	A1	Sentence and Source Workshop	ASSIST	SENTENCE PRACTICE / Choose the phrase for “more slowly.” / Choose the best modern Malay response, then say it aloud.	lebih perlahan
MRLC-MALAY-GOVINFO-GUIDE-V1	Modern Spoken Malay: Source-Guided Course	A1 · Unit 1: Clear Sounds and Learning Phrases	A1	Sentence and Source Workshop	SELECT	SENTENCE PRACTICE / Choose the phrase for “clear pronunciation.” / Choose the best modern Malay response, then say it aloud.	sebutan yang jelas
MRLC-MALAY-GOVINFO-GUIDE-V1	Modern Spoken Malay: Source-Guided Course	A1 · Unit 1: Clear Sounds and Learning Phrases	A1	Sentence and Source Workshop	SELECT	SENTENCE PRACTICE / Choose the best Malay sentence for “I am learning Malay.” / Choose the best modern Malay response, then say it aloud.	Saya sedang belajar bahasa Melayu.
MRLC-MALAY-GOVINFO-GUIDE-V1	Modern Spoken Malay: Source-Guided Course	A1 · Unit 1: Clear Sounds and Learning Phrases	A1	Sentence and Source Workshop	ASSIST	SENTENCE PRACTICE / Choose the best Malay sentence for “This sound is difficult.” / Choose the best modern Malay response, then say it aloud.	Bunyi ini sukar.
MRLC-MALAY-GOVINFO-GUIDE-V1	Modern Spoken Malay: Source-Guided Course	A1 · Unit 1: Clear Sounds and Learning Phrases	A1	Sentence and Source Workshop	SELECT	SENTENCE PRACTICE / Choose the best Malay sentence for “Let us practise together.” / Choose the best modern Malay response, then say it aloud.	Mari kita berlatih bersama-sama.
MRLC-MALAY-GOVINFO-GUIDE-V1	Modern Spoken Malay: Source-Guided Course	A1 · Unit 1: Clear Sounds and Learning Phrases	A1	Sentence and Source Workshop	SELECT	SENTENCE PRACTICE / Choose the best Malay sentence for “I can say it now.” / Choose the best modern Malay response, then say it aloud.	Sekarang saya boleh menyebutnya.
MRLC-MALAY-GOVINFO-GUIDE-V1	Modern Spoken Malay: Source-Guided Course	A1 · Unit 2: Greetings, Introductions and Courtesy	A1	Vocabulary and Audio	SELECT	Which modern Malay word or phrase means “good morning”? Listen, choose, and say it aloud.	selamat pagi
MRLC-MALAY-GOVINFO-GUIDE-V1	Modern Spoken Malay: Source-Guided Course	A1 · Unit 2: Greetings, Introductions and Courtesy	A1	Vocabulary and Audio	SELECT	Which modern Malay word or phrase means “good evening”? Listen, choose, and say it aloud.	selamat petang
MRLC-MALAY-GOVINFO-GUIDE-V1	Modern Spoken Malay: Source-Guided Course	A1 · Unit 2: Greetings, Introductions and Courtesy	A1	Vocabulary and Audio	SELECT	Which modern Malay word or phrase means “how are you”? Listen, choose, and say it aloud.	apa khabar
MRLC-MALAY-GOVINFO-GUIDE-V1	Modern Spoken Malay: Source-Guided Course	A1 · Unit 2: Greetings, Introductions and Courtesy	A1	Vocabulary and Audio	ASSIST	Which modern Malay word or phrase means “thank you”? Listen, choose, and say it aloud.	terima kasih
MRLC-MALAY-GOVINFO-GUIDE-V1	Modern Spoken Malay: Source-Guided Course	A1 · Unit 2: Greetings, Introductions and Courtesy	A1	Vocabulary and Audio	SELECT	Which modern Malay word or phrase means “sorry / excuse me”? Listen, choose, and say it aloud.	maaf
MRLC-MALAY-GOVINFO-GUIDE-V1	Modern Spoken Malay: Source-Guided Course	A1 · Unit 2: Greetings, Introductions and Courtesy	A1	Vocabulary and Audio	SELECT	Which modern Malay word or phrase means “please / help”? Listen, choose, and say it aloud.	tolong
MRLC-MALAY-GOVINFO-GUIDE-V1	Modern Spoken Malay: Source-Guided Course	A1 · Unit 2: Greetings, Introductions and Courtesy	A1	Vocabulary and Audio	SELECT	Which modern Malay word or phrase means “name”? Listen, choose, and say it aloud.	nama
MRLC-MALAY-GOVINFO-GUIDE-V1	Modern Spoken Malay: Source-Guided Course	A1 · Unit 2: Greetings, Introductions and Courtesy	A1	Vocabulary and Audio	ASSIST	Which modern Malay word or phrase means “friend”? Listen, choose, and say it aloud.	kawan
MRLC-MALAY-GOVINFO-GUIDE-V1	Modern Spoken Malay: Source-Guided Course	A1 · Unit 2: Greetings, Introductions and Courtesy	A1	Vocabulary and Audio	SELECT	Which modern Malay word or phrase means “goodbye to a person leaving”? Listen, choose, and say it aloud.	selamat jalan
MRLC-MALAY-GOVINFO-GUIDE-V1	Modern Spoken Malay: Source-Guided Course	A1 · Unit 2: Greetings, Introductions and Courtesy	A1	Vocabulary and Audio	SELECT	Which modern Malay word or phrase means “goodbye said by the person leaving”? Listen, choose, and say it aloud.	selamat tinggal
MRLC-MALAY-GOVINFO-GUIDE-V1	Modern Spoken Malay: Source-Guided Course	A1 · Unit 2: Greetings, Introductions and Courtesy	A1	Daily Speaking	SELECT	DAILY SPEAKING / Greet someone in the morning. / Choose the best modern Malay response, then say it aloud.	Selamat pagi.
MRLC-MALAY-GOVINFO-GUIDE-V1	Modern Spoken Malay: Source-Guided Course	A1 · Unit 2: Greetings, Introductions and Courtesy	A1	Daily Speaking	SELECT	DAILY SPEAKING / Ask how someone is. / Choose the best modern Malay response, then say it aloud.	Apa khabar?
MRLC-MALAY-GOVINFO-GUIDE-V1	Modern Spoken Malay: Source-Guided Course	A1 · Unit 2: Greetings, Introductions and Courtesy	A1	Daily Speaking	ASSIST	DAILY SPEAKING / Say that you are well. / Choose the best modern Malay response, then say it aloud.	Khabar baik, terima kasih.
MRLC-MALAY-GOVINFO-GUIDE-V1	Modern Spoken Malay: Source-Guided Course	A1 · Unit 2: Greetings, Introductions and Courtesy	A1	Daily Speaking	SELECT	DAILY SPEAKING / Ask for the person’s name. / Choose the best modern Malay response, then say it aloud.	Siapa nama awak?
MRLC-MALAY-GOVINFO-GUIDE-V1	Modern Spoken Malay: Source-Guided Course	A1 · Unit 2: Greetings, Introductions and Courtesy	A1	Daily Speaking	SELECT	DAILY SPEAKING / Introduce yourself as Nur. / Choose the best modern Malay response, then say it aloud.	Nama saya Nur.
MRLC-MALAY-GOVINFO-GUIDE-V1	Modern Spoken Malay: Source-Guided Course	A1 · Unit 2: Greetings, Introductions and Courtesy	A1	Daily Speaking	ASSIST	DAILY SPEAKING / Ask where the person is from. / Choose the best modern Malay response, then say it aloud.	Awak berasal dari mana?
MRLC-MALAY-GOVINFO-GUIDE-V1	Modern Spoken Malay: Source-Guided Course	A1 · Unit 2: Greetings, Introductions and Courtesy	A1	Daily Speaking	SELECT	DAILY SPEAKING / Say that you are pleased to meet them. / Choose the best modern Malay response, then say it aloud.	Gembira berkenalan dengan awak.
MRLC-MALAY-GOVINFO-GUIDE-V1	Modern Spoken Malay: Source-Guided Course	A1 · Unit 2: Greetings, Introductions and Courtesy	A1	Daily Speaking	SELECT	DAILY SPEAKING / Say goodbye to someone who is leaving. / Choose the best modern Malay response, then say it aloud.	Selamat jalan.
MRLC-MALAY-GOVINFO-GUIDE-V1	Modern Spoken Malay: Source-Guided Course	A1 · Unit 2: Greetings, Introductions and Courtesy	A1	Scenario Practice	SELECT	SCENARIO DIALOGUE / A: Selamat pagi. Apa khabar? / B: ... / Choose the best modern Malay response, then say it aloud.	Khabar baik, terima kasih.
MRLC-MALAY-GOVINFO-GUIDE-V1	Modern Spoken Malay: Source-Guided Course	A1 · Unit 2: Greetings, Introductions and Courtesy	A1	Scenario Practice	SELECT	SCENARIO DIALOGUE / A: Siapa nama awak? / B: ... / Choose the best modern Malay response, then say it aloud.	Nama saya Hakim.
MRLC-MALAY-GOVINFO-GUIDE-V1	Modern Spoken Malay: Source-Guided Course	A1 · Unit 2: Greetings, Introductions and Courtesy	A1	Scenario Practice	ASSIST	SCENARIO DIALOGUE / A: Awak berasal dari mana? / B: ... / Choose the best modern Malay response, then say it aloud.	Saya berasal dari Myanmar.
MRLC-MALAY-GOVINFO-GUIDE-V1	Modern Spoken Malay: Source-Guided Course	A1 · Unit 2: Greetings, Introductions and Courtesy	A1	Scenario Practice	SELECT	SCENARIO DIALOGUE / A: Ini kawan saya, Mei Ling. / B: ... / Choose the best modern Malay response, then say it aloud.	Gembira berkenalan dengan awak.
MRLC-MALAY-GOVINFO-GUIDE-V1	Modern Spoken Malay: Source-Guided Course	A1 · Unit 2: Greetings, Introductions and Courtesy	A1	Scenario Practice	SELECT	SCENARIO DIALOGUE / A: Terima kasih kerana membantu saya. / B: ... / Choose the best modern Malay response, then say it aloud.	Sama-sama.
MRLC-MALAY-GOVINFO-GUIDE-V1	Modern Spoken Malay: Source-Guided Course	A1 · Unit 2: Greetings, Introductions and Courtesy	A1	Scenario Practice	ASSIST	SCENARIO DIALOGUE / A: Saya perlu pergi sekarang. / B: ... / Choose the best modern Malay response, then say it aloud.	Baik, selamat jalan.
MRLC-MALAY-GOVINFO-GUIDE-V1	Modern Spoken Malay: Source-Guided Course	A1 · Unit 2: Greetings, Introductions and Courtesy	A1	Sentence and Source Workshop	SELECT	SENTENCE PRACTICE / Choose the best Malay sentence for “This is my friend.” / Choose the best modern Malay response, then say it aloud.	Ini kawan saya.
MRLC-MALAY-GOVINFO-GUIDE-V1	Modern Spoken Malay: Source-Guided Course	A1 · Unit 2: Greetings, Introductions and Courtesy	A1	Sentence and Source Workshop	SELECT	SENTENCE PRACTICE / Choose the best Malay sentence for “I am not a teacher.” / Choose the best modern Malay response, then say it aloud.	Saya bukan guru.
MRLC-MALAY-GOVINFO-GUIDE-V1	Modern Spoken Malay: Source-Guided Course	A1 · Unit 2: Greetings, Introductions and Courtesy	A1	Sentence and Source Workshop	ASSIST	SENTENCE PRACTICE / Choose the best Malay sentence for “She is from Sabah.” / Choose the best modern Malay response, then say it aloud.	Dia berasal dari Sabah.
MRLC-MALAY-GOVINFO-GUIDE-V1	Modern Spoken Malay: Source-Guided Course	A1 · Unit 2: Greetings, Introductions and Courtesy	A1	Sentence and Source Workshop	SELECT	SENTENCE PRACTICE / Choose the best Malay sentence for “What is his name?” / Choose the best modern Malay response, then say it aloud.	Siapa nama dia?
MRLC-MALAY-GOVINFO-GUIDE-V1	Modern Spoken Malay: Source-Guided Course	A1 · Unit 2: Greetings, Introductions and Courtesy	A1	Sentence and Source Workshop	SELECT	SENTENCE PRACTICE / Choose the polite response to “Terima kasih.” / Choose the best modern Malay response, then say it aloud.	Sama-sama.
MRLC-MALAY-GOVINFO-GUIDE-V1	Modern Spoken Malay: Source-Guided Course	A1 · Unit 2: Greetings, Introductions and Courtesy	A1	Sentence and Source Workshop	ASSIST	SENTENCE PRACTICE / Choose the best Malay sentence for “Please come in.” / Choose the best modern Malay response, then say it aloud.	Silakan masuk.
MRLC-MALAY-GOVINFO-GUIDE-V1	Modern Spoken Malay: Source-Guided Course	A1 · Unit 2: Greetings, Introductions and Courtesy	A1	Sentence and Source Workshop	SELECT	SENTENCE PRACTICE / Choose the best Malay sentence for “Please have a seat.” / Choose the best modern Malay response, then say it aloud.	Silakan duduk.
MRLC-MALAY-GOVINFO-GUIDE-V1	Modern Spoken Malay: Source-Guided Course	A1 · Unit 2: Greetings, Introductions and Courtesy	A1	Sentence and Source Workshop	SELECT	SENTENCE PRACTICE / Choose the best Malay sentence for “See you tomorrow.” / Choose the best modern Malay response, then say it aloud.	Jumpa lagi esok.
MRLC-MALAY-GOVINFO-GUIDE-V1	Modern Spoken Malay: Source-Guided Course	A1 · Unit 3: Numbers, Time and Days	A1	Vocabulary and Audio	SELECT	Which modern Malay word or phrase means “one”? Listen, choose, and say it aloud.	satu
MRLC-MALAY-GOVINFO-GUIDE-V1	Modern Spoken Malay: Source-Guided Course	A1 · Unit 3: Numbers, Time and Days	A1	Vocabulary and Audio	SELECT	Which modern Malay word or phrase means “two”? Listen, choose, and say it aloud.	dua
MRLC-MALAY-GOVINFO-GUIDE-V1	Modern Spoken Malay: Source-Guided Course	A1 · Unit 3: Numbers, Time and Days	A1	Vocabulary and Audio	SELECT	Which modern Malay word or phrase means “three”? Listen, choose, and say it aloud.	tiga
MRLC-MALAY-GOVINFO-GUIDE-V1	Modern Spoken Malay: Source-Guided Course	A1 · Unit 3: Numbers, Time and Days	A1	Vocabulary and Audio	ASSIST	Which modern Malay word or phrase means “ten”? Listen, choose, and say it aloud.	sepuluh
MRLC-MALAY-GOVINFO-GUIDE-V1	Modern Spoken Malay: Source-Guided Course	A1 · Unit 3: Numbers, Time and Days	A1	Vocabulary and Audio	SELECT	Which modern Malay word or phrase means “one hundred”? Listen, choose, and say it aloud.	seratus
MRLC-MALAY-GOVINFO-GUIDE-V1	Modern Spoken Malay: Source-Guided Course	A1 · Unit 3: Numbers, Time and Days	A1	Vocabulary and Audio	SELECT	Which modern Malay word or phrase means “clock-time marker”? Listen, choose, and say it aloud.	pukul
MRLC-MALAY-GOVINFO-GUIDE-V1	Modern Spoken Malay: Source-Guided Course	A1 · Unit 3: Numbers, Time and Days	A1	Vocabulary and Audio	SELECT	Which modern Malay word or phrase means “half”? Listen, choose, and say it aloud.	setengah
MRLC-MALAY-GOVINFO-GUIDE-V1	Modern Spoken Malay: Source-Guided Course	A1 · Unit 3: Numbers, Time and Days	A1	Vocabulary and Audio	ASSIST	Which modern Malay word or phrase means “quarter”? Listen, choose, and say it aloud.	suku
MRLC-MALAY-GOVINFO-GUIDE-V1	Modern Spoken Malay: Source-Guided Course	A1 · Unit 3: Numbers, Time and Days	A1	Vocabulary and Audio	SELECT	Which modern Malay word or phrase means “day”? Listen, choose, and say it aloud.	hari
MRLC-MALAY-GOVINFO-GUIDE-V1	Modern Spoken Malay: Source-Guided Course	A1 · Unit 3: Numbers, Time and Days	A1	Vocabulary and Audio	SELECT	Which modern Malay word or phrase means “now”? Listen, choose, and say it aloud.	sekarang
MRLC-MALAY-GOVINFO-GUIDE-V1	Modern Spoken Malay: Source-Guided Course	A1 · Unit 3: Numbers, Time and Days	A1	Daily Speaking	SELECT	DAILY SPEAKING / Ask the current time. / Choose the best modern Malay response, then say it aloud.	Pukul berapa sekarang?
MRLC-MALAY-GOVINFO-GUIDE-V1	Modern Spoken Malay: Source-Guided Course	A1 · Unit 3: Numbers, Time and Days	A1	Daily Speaking	SELECT	DAILY SPEAKING / Say that it is three o’clock. / Choose the best modern Malay response, then say it aloud.	Sekarang pukul tiga.
MRLC-MALAY-GOVINFO-GUIDE-V1	Modern Spoken Malay: Source-Guided Course	A1 · Unit 3: Numbers, Time and Days	A1	Daily Speaking	ASSIST	DAILY SPEAKING / Say that it is half past six. / Choose the best modern Malay response, then say it aloud.	Sekarang pukul setengah tujuh.
MRLC-MALAY-GOVINFO-GUIDE-V1	Modern Spoken Malay: Source-Guided Course	A1 · Unit 3: Numbers, Time and Days	A1	Daily Speaking	SELECT	DAILY SPEAKING / Say that the class begins at nine. / Choose the best modern Malay response, then say it aloud.	Kelas bermula pada pukul sembilan.
MRLC-MALAY-GOVINFO-GUIDE-V1	Modern Spoken Malay: Source-Guided Course	A1 · Unit 3: Numbers, Time and Days	A1	Daily Speaking	SELECT	DAILY SPEAKING / Ask what day it is today. / Choose the best modern Malay response, then say it aloud.	Hari ini hari apa?
MRLC-MALAY-GOVINFO-GUIDE-V1	Modern Spoken Malay: Source-Guided Course	A1 · Unit 3: Numbers, Time and Days	A1	Daily Speaking	ASSIST	DAILY SPEAKING / Say that today is Wednesday. / Choose the best modern Malay response, then say it aloud.	Hari ini hari Rabu.
MRLC-MALAY-GOVINFO-GUIDE-V1	Modern Spoken Malay: Source-Guided Course	A1 · Unit 3: Numbers, Time and Days	A1	Daily Speaking	SELECT	DAILY SPEAKING / Ask when the train departs. / Choose the best modern Malay response, then say it aloud.	Kereta api bertolak pukul berapa?
MRLC-MALAY-GOVINFO-GUIDE-V1	Modern Spoken Malay: Source-Guided Course	A1 · Unit 3: Numbers, Time and Days	A1	Daily Speaking	SELECT	DAILY SPEAKING / Say that the meeting is tomorrow. / Choose the best modern Malay response, then say it aloud.	Mesyuarat itu esok.
MRLC-MALAY-GOVINFO-GUIDE-V1	Modern Spoken Malay: Source-Guided Course	A1 · Unit 3: Numbers, Time and Days	A1	Scenario Practice	SELECT	SCENARIO DIALOGUE / A: Pukul berapa sekarang? / B: ... / Choose the best modern Malay response, then say it aloud.	Sekarang pukul dua suku.
MRLC-MALAY-GOVINFO-GUIDE-V1	Modern Spoken Malay: Source-Guided Course	A1 · Unit 3: Numbers, Time and Days	A1	Scenario Practice	SELECT	SCENARIO DIALOGUE / A: Kelas bermula pukul berapa? / B: ... / Choose the best modern Malay response, then say it aloud.	Kelas bermula pada pukul lapan setengah.
MRLC-MALAY-GOVINFO-GUIDE-V1	Modern Spoken Malay: Source-Guided Course	A1 · Unit 3: Numbers, Time and Days	A1	Scenario Practice	ASSIST	SCENARIO DIALOGUE / A: Hari ini hari apa? / B: ... / Choose the best modern Malay response, then say it aloud.	Hari ini hari Isnin.
MRLC-MALAY-GOVINFO-GUIDE-V1	Modern Spoken Malay: Source-Guided Course	A1 · Unit 3: Numbers, Time and Days	A1	Scenario Practice	SELECT	SCENARIO DIALOGUE / A: Kita berjumpa bila? / B: ... / Choose the best modern Malay response, then say it aloud.	Kita berjumpa esok petang.
MRLC-MALAY-GOVINFO-GUIDE-V1	Modern Spoken Malay: Source-Guided Course	A1 · Unit 3: Numbers, Time and Days	A1	Scenario Practice	SELECT	SCENARIO DIALOGUE / A: Berapa orang akan datang? / B: ... / Choose the best modern Malay response, then say it aloud.	Lima orang akan datang.
MRLC-MALAY-GOVINFO-GUIDE-V1	Modern Spoken Malay: Source-Guided Course	A1 · Unit 3: Numbers, Time and Days	A1	Scenario Practice	ASSIST	SCENARIO DIALOGUE / A: Bas bertolak pukul tujuh? / B: ... / Choose the best modern Malay response, then say it aloud.	Ya, bas bertolak tepat pada pukul tujuh.
MRLC-MALAY-GOVINFO-GUIDE-V1	Modern Spoken Malay: Source-Guided Course	A1 · Unit 3: Numbers, Time and Days	A1	Sentence and Source Workshop	SELECT	SENTENCE PRACTICE / Choose the modern Malay word for “seven.” / Choose the best modern Malay response, then say it aloud.	tujuh
MRLC-MALAY-GOVINFO-GUIDE-V1	Modern Spoken Malay: Source-Guided Course	A1 · Unit 3: Numbers, Time and Days	A1	Sentence and Source Workshop	SELECT	SENTENCE PRACTICE / Choose the modern Malay word for “twenty.” / Choose the best modern Malay response, then say it aloud.	dua puluh
MRLC-MALAY-GOVINFO-GUIDE-V1	Modern Spoken Malay: Source-Guided Course	A1 · Unit 3: Numbers, Time and Days	A1	Sentence and Source Workshop	ASSIST	SENTENCE PRACTICE / Choose the phrase for “quarter past five.” / Choose the best modern Malay response, then say it aloud.	pukul lima suku
MRLC-MALAY-GOVINFO-GUIDE-V1	Modern Spoken Malay: Source-Guided Course	A1 · Unit 3: Numbers, Time and Days	A1	Sentence and Source Workshop	SELECT	SENTENCE PRACTICE / Choose the phrase for “ten minutes to nine.” / Choose the best modern Malay response, then say it aloud.	pukul sembilan kurang sepuluh minit
MRLC-MALAY-GOVINFO-GUIDE-V1	Modern Spoken Malay: Source-Guided Course	A1 · Unit 3: Numbers, Time and Days	A1	Sentence and Source Workshop	SELECT	SENTENCE PRACTICE / Choose the best Malay sentence for “It is too early.” / Choose the best modern Malay response, then say it aloud.	Masih terlalu awal.
MRLC-MALAY-GOVINFO-GUIDE-V1	Modern Spoken Malay: Source-Guided Course	A1 · Unit 3: Numbers, Time and Days	A1	Sentence and Source Workshop	ASSIST	SENTENCE PRACTICE / Choose the best Malay sentence for “The train is fifteen minutes late.” / Choose the best modern Malay response, then say it aloud.	Kereta api lewat lima belas minit.
MRLC-MALAY-GOVINFO-GUIDE-V1	Modern Spoken Malay: Source-Guided Course	A1 · Unit 3: Numbers, Time and Days	A1	Sentence and Source Workshop	SELECT	SENTENCE PRACTICE / Choose the best Malay sentence for “I arrived yesterday.” / Choose the best modern Malay response, then say it aloud.	Saya tiba semalam.
MRLC-MALAY-GOVINFO-GUIDE-V1	Modern Spoken Malay: Source-Guided Course	A1 · Unit 3: Numbers, Time and Days	A1	Sentence and Source Workshop	SELECT	SENTENCE PRACTICE / Choose the best Malay sentence for “We will leave on Friday.” / Choose the best modern Malay response, then say it aloud.	Kami akan bertolak pada hari Jumaat.
MRLC-MALAY-GOVINFO-GUIDE-V1	Modern Spoken Malay: Source-Guided Course	A1 · Unit 4: Objects and Simple Questions	A1	Vocabulary and Audio	SELECT	Which modern Malay word or phrase means “this”? Listen, choose, and say it aloud.	ini
MRLC-MALAY-GOVINFO-GUIDE-V1	Modern Spoken Malay: Source-Guided Course	A1 · Unit 4: Objects and Simple Questions	A1	Vocabulary and Audio	SELECT	Which modern Malay word or phrase means “that”? Listen, choose, and say it aloud.	itu
MRLC-MALAY-GOVINFO-GUIDE-V1	Modern Spoken Malay: Source-Guided Course	A1 · Unit 4: Objects and Simple Questions	A1	Vocabulary and Audio	SELECT	Which modern Malay word or phrase means “what”? Listen, choose, and say it aloud.	apa
MRLC-MALAY-GOVINFO-GUIDE-V1	Modern Spoken Malay: Source-Guided Course	A1 · Unit 4: Objects and Simple Questions	A1	Vocabulary and Audio	ASSIST	Which modern Malay word or phrase means “there is / have”? Listen, choose, and say it aloud.	ada
MRLC-MALAY-GOVINFO-GUIDE-V1	Modern Spoken Malay: Source-Guided Course	A1 · Unit 4: Objects and Simple Questions	A1	Vocabulary and Audio	SELECT	Which modern Malay word or phrase means “there is not / none”? Listen, choose, and say it aloud.	tiada
MRLC-MALAY-GOVINFO-GUIDE-V1	Modern Spoken Malay: Source-Guided Course	A1 · Unit 4: Objects and Simple Questions	A1	Vocabulary and Audio	SELECT	Which modern Malay word or phrase means “big”? Listen, choose, and say it aloud.	besar
MRLC-MALAY-GOVINFO-GUIDE-V1	Modern Spoken Malay: Source-Guided Course	A1 · Unit 4: Objects and Simple Questions	A1	Vocabulary and Audio	SELECT	Which modern Malay word or phrase means “small”? Listen, choose, and say it aloud.	kecil
MRLC-MALAY-GOVINFO-GUIDE-V1	Modern Spoken Malay: Source-Guided Course	A1 · Unit 4: Objects and Simple Questions	A1	Vocabulary and Audio	ASSIST	Which modern Malay word or phrase means “clean”? Listen, choose, and say it aloud.	bersih
MRLC-MALAY-GOVINFO-GUIDE-V1	Modern Spoken Malay: Source-Guided Course	A1 · Unit 4: Objects and Simple Questions	A1	Vocabulary and Audio	SELECT	Which modern Malay word or phrase means “dirty”? Listen, choose, and say it aloud.	kotor
MRLC-MALAY-GOVINFO-GUIDE-V1	Modern Spoken Malay: Source-Guided Course	A1 · Unit 4: Objects and Simple Questions	A1	Vocabulary and Audio	SELECT	Which modern Malay word or phrase means “name”? Listen, choose, and say it aloud.	nama
MRLC-MALAY-GOVINFO-GUIDE-V1	Modern Spoken Malay: Source-Guided Course	A1 · Unit 4: Objects and Simple Questions	A1	Daily Speaking	SELECT	DAILY SPEAKING / Ask what this is. / Choose the best modern Malay response, then say it aloud.	Apa ini?
MRLC-MALAY-GOVINFO-GUIDE-V1	Modern Spoken Malay: Source-Guided Course	A1 · Unit 4: Objects and Simple Questions	A1	Daily Speaking	SELECT	DAILY SPEAKING / Say that this is a cup. / Choose the best modern Malay response, then say it aloud.	Ini cawan.
MRLC-MALAY-GOVINFO-GUIDE-V1	Modern Spoken Malay: Source-Guided Course	A1 · Unit 4: Objects and Simple Questions	A1	Daily Speaking	ASSIST	DAILY SPEAKING / Ask what the object is called in Malay. / Choose the best modern Malay response, then say it aloud.	Apakah nama benda ini dalam bahasa Melayu?
MRLC-MALAY-GOVINFO-GUIDE-V1	Modern Spoken Malay: Source-Guided Course	A1 · Unit 4: Objects and Simple Questions	A1	Daily Speaking	SELECT	DAILY SPEAKING / Ask whether there is a pen. / Choose the best modern Malay response, then say it aloud.	Ada pen?
MRLC-MALAY-GOVINFO-GUIDE-V1	Modern Spoken Malay: Source-Guided Course	A1 · Unit 4: Objects and Simple Questions	A1	Daily Speaking	SELECT	DAILY SPEAKING / Say that you do not have a pencil. / Choose the best modern Malay response, then say it aloud.	Saya tidak ada pensel.
MRLC-MALAY-GOVINFO-GUIDE-V1	Modern Spoken Malay: Source-Guided Course	A1 · Unit 4: Objects and Simple Questions	A1	Daily Speaking	ASSIST	DAILY SPEAKING / Say that the room is clean. / Choose the best modern Malay response, then say it aloud.	Bilik ini bersih.
MRLC-MALAY-GOVINFO-GUIDE-V1	Modern Spoken Malay: Source-Guided Course	A1 · Unit 4: Objects and Simple Questions	A1	Daily Speaking	SELECT	DAILY SPEAKING / Say that the bag is too big. / Choose the best modern Malay response, then say it aloud.	Beg itu terlalu besar.
MRLC-MALAY-GOVINFO-GUIDE-V1	Modern Spoken Malay: Source-Guided Course	A1 · Unit 4: Objects and Simple Questions	A1	Daily Speaking	SELECT	DAILY SPEAKING / Ask which one is yours. / Choose the best modern Malay response, then say it aloud.	Yang mana satu kepunyaan awak?
MRLC-MALAY-GOVINFO-GUIDE-V1	Modern Spoken Malay: Source-Guided Course	A1 · Unit 4: Objects and Simple Questions	A1	Scenario Practice	SELECT	SCENARIO DIALOGUE / A: Apa ini? / B: ... / Choose the best modern Malay response, then say it aloud.	Ini sudu.
MRLC-MALAY-GOVINFO-GUIDE-V1	Modern Spoken Malay: Source-Guided Course	A1 · Unit 4: Objects and Simple Questions	A1	Scenario Practice	SELECT	SCENARIO DIALOGUE / A: Apakah nama benda ini dalam bahasa Melayu? / B: ... / Choose the best modern Malay response, then say it aloud.	Benda ini dipanggil payung.
MRLC-MALAY-GOVINFO-GUIDE-V1	Modern Spoken Malay: Source-Guided Course	A1 · Unit 4: Objects and Simple Questions	A1	Scenario Practice	ASSIST	SCENARIO DIALOGUE / A: Ada tuala bersih? / B: ... / Choose the best modern Malay response, then say it aloud.	Ya, ada satu tuala bersih.
MRLC-MALAY-GOVINFO-GUIDE-V1	Modern Spoken Malay: Source-Guided Course	A1 · Unit 4: Objects and Simple Questions	A1	Scenario Practice	SELECT	SCENARIO DIALOGUE / A: Beg yang mana satu kepunyaan awak? / B: ... / Choose the best modern Malay response, then say it aloud.	Beg biru itu kepunyaan saya.
MRLC-MALAY-GOVINFO-GUIDE-V1	Modern Spoken Malay: Source-Guided Course	A1 · Unit 4: Objects and Simple Questions	A1	Scenario Practice	SELECT	SCENARIO DIALOGUE / A: Bilik ini terlalu panas. / B: ... / Choose the best modern Malay response, then say it aloud.	Saya akan buka tingkap.
MRLC-MALAY-GOVINFO-GUIDE-V1	Modern Spoken Malay: Source-Guided Course	A1 · Unit 4: Objects and Simple Questions	A1	Scenario Practice	ASSIST	SCENARIO DIALOGUE / A: Adakah ini betul? / B: ... / Choose the best modern Malay response, then say it aloud.	Ya, ini betul.
MRLC-MALAY-GOVINFO-GUIDE-V1	Modern Spoken Malay: Source-Guided Course	A1 · Unit 4: Objects and Simple Questions	A1	Sentence and Source Workshop	SELECT	SENTENCE PRACTICE / Choose the best Malay sentence for “That is not mine.” / Choose the best modern Malay response, then say it aloud.	Itu bukan kepunyaan saya.
MRLC-MALAY-GOVINFO-GUIDE-V1	Modern Spoken Malay: Source-Guided Course	A1 · Unit 4: Objects and Simple Questions	A1	Sentence and Source Workshop	SELECT	SENTENCE PRACTICE / Choose the best Malay sentence for “This is very small.” / Choose the best modern Malay response, then say it aloud.	Ini sangat kecil.
MRLC-MALAY-GOVINFO-GUIDE-V1	Modern Spoken Malay: Source-Guided Course	A1 · Unit 4: Objects and Simple Questions	A1	Sentence and Source Workshop	ASSIST	SENTENCE PRACTICE / Choose the best Malay sentence for “There is no hot water.” / Choose the best modern Malay response, then say it aloud.	Tiada air panas.
MRLC-MALAY-GOVINFO-GUIDE-V1	Modern Spoken Malay: Source-Guided Course	A1 · Unit 4: Objects and Simple Questions	A1	Sentence and Source Workshop	SELECT	SENTENCE PRACTICE / Choose the best Malay sentence for “Do you have paper?” / Choose the best modern Malay response, then say it aloud.	Awak ada kertas?
MRLC-MALAY-GOVINFO-GUIDE-V1	Modern Spoken Malay: Source-Guided Course	A1 · Unit 4: Objects and Simple Questions	A1	Sentence and Source Workshop	SELECT	SENTENCE PRACTICE / Choose the best Malay sentence for “The glass is dirty.” / Choose the best modern Malay response, then say it aloud.	Gelas itu kotor.
MRLC-MALAY-GOVINFO-GUIDE-V1	Modern Spoken Malay: Source-Guided Course	A1 · Unit 4: Objects and Simple Questions	A1	Sentence and Source Workshop	ASSIST	SENTENCE PRACTICE / Choose the best Malay sentence for “Which one is better?” / Choose the best modern Malay response, then say it aloud.	Yang mana satu lebih baik?
MRLC-MALAY-GOVINFO-GUIDE-V1	Modern Spoken Malay: Source-Guided Course	A1 · Unit 4: Objects and Simple Questions	A1	Sentence and Source Workshop	SELECT	SENTENCE PRACTICE / Choose the best Malay sentence for “This is not expensive.” / Choose the best modern Malay response, then say it aloud.	Ini tidak mahal.
MRLC-MALAY-GOVINFO-GUIDE-V1	Modern Spoken Malay: Source-Guided Course	A1 · Unit 4: Objects and Simple Questions	A1	Sentence and Source Workshop	SELECT	SENTENCE PRACTICE / Choose the best Malay sentence for “That place is far.” / Choose the best modern Malay response, then say it aloud.	Tempat itu jauh.
MRLC-MALAY-GOVINFO-GUIDE-V1	Modern Spoken Malay: Source-Guided Course	A2 · Unit 5: Food, Drink and Ordering	A2	Vocabulary and Audio	SELECT	Which modern Malay word or phrase means “rice”? Listen, choose, and say it aloud.	nasi
MRLC-MALAY-GOVINFO-GUIDE-V1	Modern Spoken Malay: Source-Guided Course	A2 · Unit 5: Food, Drink and Ordering	A2	Vocabulary and Audio	SELECT	Which modern Malay word or phrase means “fish”? Listen, choose, and say it aloud.	ikan
MRLC-MALAY-GOVINFO-GUIDE-V1	Modern Spoken Malay: Source-Guided Course	A2 · Unit 5: Food, Drink and Ordering	A2	Vocabulary and Audio	SELECT	Which modern Malay word or phrase means “chicken”? Listen, choose, and say it aloud.	ayam
MRLC-MALAY-GOVINFO-GUIDE-V1	Modern Spoken Malay: Source-Guided Course	A2 · Unit 5: Food, Drink and Ordering	A2	Vocabulary and Audio	ASSIST	Which modern Malay word or phrase means “vegetables”? Listen, choose, and say it aloud.	sayur
MRLC-MALAY-GOVINFO-GUIDE-V1	Modern Spoken Malay: Source-Guided Course	A2 · Unit 5: Food, Drink and Ordering	A2	Vocabulary and Audio	SELECT	Which modern Malay word or phrase means “fruit”? Listen, choose, and say it aloud.	buah
MRLC-MALAY-GOVINFO-GUIDE-V1	Modern Spoken Malay: Source-Guided Course	A2 · Unit 5: Food, Drink and Ordering	A2	Vocabulary and Audio	SELECT	Which modern Malay word or phrase means “plain water”? Listen, choose, and say it aloud.	air kosong
MRLC-MALAY-GOVINFO-GUIDE-V1	Modern Spoken Malay: Source-Guided Course	A2 · Unit 5: Food, Drink and Ordering	A2	Vocabulary and Audio	SELECT	Which modern Malay word or phrase means “coffee”? Listen, choose, and say it aloud.	kopi
MRLC-MALAY-GOVINFO-GUIDE-V1	Modern Spoken Malay: Source-Guided Course	A2 · Unit 5: Food, Drink and Ordering	A2	Vocabulary and Audio	ASSIST	Which modern Malay word or phrase means “tea”? Listen, choose, and say it aloud.	teh
MRLC-MALAY-GOVINFO-GUIDE-V1	Modern Spoken Malay: Source-Guided Course	A2 · Unit 5: Food, Drink and Ordering	A2	Vocabulary and Audio	SELECT	Which modern Malay word or phrase means “hungry”? Listen, choose, and say it aloud.	lapar
MRLC-MALAY-GOVINFO-GUIDE-V1	Modern Spoken Malay: Source-Guided Course	A2 · Unit 5: Food, Drink and Ordering	A2	Vocabulary and Audio	SELECT	Which modern Malay word or phrase means “thirsty”? Listen, choose, and say it aloud.	dahaga
MRLC-MALAY-GOVINFO-GUIDE-V1	Modern Spoken Malay: Source-Guided Course	A2 · Unit 5: Food, Drink and Ordering	A2	Daily Speaking	SELECT	DAILY SPEAKING / Order rice and fish. / Choose the best modern Malay response, then say it aloud.	Saya mahu nasi dan ikan.
MRLC-MALAY-GOVINFO-GUIDE-V1	Modern Spoken Malay: Source-Guided Course	A2 · Unit 5: Food, Drink and Ordering	A2	Daily Speaking	SELECT	DAILY SPEAKING / Ask for one glass of water. / Choose the best modern Malay response, then say it aloud.	Boleh beri saya segelas air kosong?
MRLC-MALAY-GOVINFO-GUIDE-V1	Modern Spoken Malay: Source-Guided Course	A2 · Unit 5: Food, Drink and Ordering	A2	Daily Speaking	ASSIST	DAILY SPEAKING / Order a cup of coffee. / Choose the best modern Malay response, then say it aloud.	Saya mahu secawan kopi.
MRLC-MALAY-GOVINFO-GUIDE-V1	Modern Spoken Malay: Source-Guided Course	A2 · Unit 5: Food, Drink and Ordering	A2	Daily Speaking	SELECT	DAILY SPEAKING / Ask for less sugar. / Choose the best modern Malay response, then say it aloud.	Tolong kurangkan gula.
MRLC-MALAY-GOVINFO-GUIDE-V1	Modern Spoken Malay: Source-Guided Course	A2 · Unit 5: Food, Drink and Ordering	A2	Daily Speaking	SELECT	DAILY SPEAKING / Ask for the food not to be spicy. / Choose the best modern Malay response, then say it aloud.	Tolong jangan pedas.
MRLC-MALAY-GOVINFO-GUIDE-V1	Modern Spoken Malay: Source-Guided Course	A2 · Unit 5: Food, Drink and Ordering	A2	Daily Speaking	ASSIST	DAILY SPEAKING / Say that you do not eat meat. / Choose the best modern Malay response, then say it aloud.	Saya tidak makan daging.
MRLC-MALAY-GOVINFO-GUIDE-V1	Modern Spoken Malay: Source-Guided Course	A2 · Unit 5: Food, Drink and Ordering	A2	Daily Speaking	SELECT	DAILY SPEAKING / Ask whether vegetarian food is available. / Choose the best modern Malay response, then say it aloud.	Ada makanan vegetarian?
MRLC-MALAY-GOVINFO-GUIDE-V1	Modern Spoken Malay: Source-Guided Course	A2 · Unit 5: Food, Drink and Ordering	A2	Daily Speaking	SELECT	DAILY SPEAKING / Ask for the bill. / Choose the best modern Malay response, then say it aloud.	Boleh saya minta bil?
MRLC-MALAY-GOVINFO-GUIDE-V1	Modern Spoken Malay: Source-Guided Course	A2 · Unit 5: Food, Drink and Ordering	A2	Scenario Practice	SELECT	SCENARIO DIALOGUE / Pelayan: Mahu pesan apa? / Pelanggan: ... / Choose the best modern Malay response, then say it aloud.	Saya mahu nasi ayam dan air kosong.
MRLC-MALAY-GOVINFO-GUIDE-V1	Modern Spoken Malay: Source-Guided Course	A2 · Unit 5: Food, Drink and Ordering	A2	Scenario Practice	SELECT	SCENARIO DIALOGUE / Pelayan: Mahu pedas? / Pelanggan: ... / Choose the best modern Malay response, then say it aloud.	Sedikit pedas sahaja.
MRLC-MALAY-GOVINFO-GUIDE-V1	Modern Spoken Malay: Source-Guided Course	A2 · Unit 5: Food, Drink and Ordering	A2	Scenario Practice	ASSIST	SCENARIO DIALOGUE / Pelanggan: Ada makanan tanpa daging? / Pelayan: ... / Choose the best modern Malay response, then say it aloud.	Ya, ada nasi goreng sayur.
MRLC-MALAY-GOVINFO-GUIDE-V1	Modern Spoken Malay: Source-Guided Course	A2 · Unit 5: Food, Drink and Ordering	A2	Scenario Practice	SELECT	SCENARIO DIALOGUE / Pelayan: Makan di sini atau bungkus? / Pelanggan: ... / Choose the best modern Malay response, then say it aloud.	Bungkus, terima kasih.
MRLC-MALAY-GOVINFO-GUIDE-V1	Modern Spoken Malay: Source-Guided Course	A2 · Unit 5: Food, Drink and Ordering	A2	Scenario Practice	SELECT	SCENARIO DIALOGUE / Pelanggan: Maaf, pesanan saya belum sampai. / Pelayan: ... / Choose the best modern Malay response, then say it aloud.	Maaf, saya akan periksa sekarang.
MRLC-MALAY-GOVINFO-GUIDE-V1	Modern Spoken Malay: Source-Guided Course	A2 · Unit 5: Food, Drink and Ordering	A2	Scenario Practice	ASSIST	SCENARIO DIALOGUE / Pelanggan: Berapa jumlah semuanya? / Pelayan: ... / Choose the best modern Malay response, then say it aloud.	Jumlahnya dua puluh ringgit.
MRLC-MALAY-GOVINFO-GUIDE-V1	Modern Spoken Malay: Source-Guided Course	A2 · Unit 5: Food, Drink and Ordering	A2	Sentence and Source Workshop	SELECT	SENTENCE PRACTICE / Choose the phrase for “a plate of rice.” / Choose the best modern Malay response, then say it aloud.	sepinggan nasi
MRLC-MALAY-GOVINFO-GUIDE-V1	Modern Spoken Malay: Source-Guided Course	A2 · Unit 5: Food, Drink and Ordering	A2	Sentence and Source Workshop	SELECT	SENTENCE PRACTICE / Choose the phrase for “a spoon.” / Choose the best modern Malay response, then say it aloud.	sebatang sudu
MRLC-MALAY-GOVINFO-GUIDE-V1	Modern Spoken Malay: Source-Guided Course	A2 · Unit 5: Food, Drink and Ordering	A2	Sentence and Source Workshop	ASSIST	SENTENCE PRACTICE / Choose the best Malay sentence for “The soup is too salty.” / Choose the best modern Malay response, then say it aloud.	Sup ini terlalu masin.
MRLC-MALAY-GOVINFO-GUIDE-V1	Modern Spoken Malay: Source-Guided Course	A2 · Unit 5: Food, Drink and Ordering	A2	Sentence and Source Workshop	SELECT	SENTENCE PRACTICE / Choose the best Malay sentence for “The food is delicious.” / Choose the best modern Malay response, then say it aloud.	Makanan ini sedap.
MRLC-MALAY-GOVINFO-GUIDE-V1	Modern Spoken Malay: Source-Guided Course	A2 · Unit 5: Food, Drink and Ordering	A2	Sentence and Source Workshop	SELECT	SENTENCE PRACTICE / Choose the best Malay sentence for “I am allergic to peanuts.” / Choose the best modern Malay response, then say it aloud.	Saya alah kepada kacang tanah.
MRLC-MALAY-GOVINFO-GUIDE-V1	Modern Spoken Malay: Source-Guided Course	A2 · Unit 5: Food, Drink and Ordering	A2	Sentence and Source Workshop	ASSIST	SENTENCE PRACTICE / Choose the best Malay sentence for “Please bring two forks.” / Choose the best modern Malay response, then say it aloud.	Tolong bawakan dua garpu.
MRLC-MALAY-GOVINFO-GUIDE-V1	Modern Spoken Malay: Source-Guided Course	A2 · Unit 5: Food, Drink and Ordering	A2	Sentence and Source Workshop	SELECT	SENTENCE PRACTICE / Choose the best Malay sentence for “I want boiled water.” / Choose the best modern Malay response, then say it aloud.	Saya mahu air masak.
MRLC-MALAY-GOVINFO-GUIDE-V1	Modern Spoken Malay: Source-Guided Course	A2 · Unit 5: Food, Drink and Ordering	A2	Sentence and Source Workshop	SELECT	SENTENCE PRACTICE / Choose the best Malay sentence for “Do you have milk?” / Choose the best modern Malay response, then say it aloud.	Ada susu?
MRLC-MALAY-GOVINFO-GUIDE-V1	Modern Spoken Malay: Source-Guided Course	A2 · Unit 6: Shopping, Prices and Money	A2	Vocabulary and Audio	SELECT	Which modern Malay word or phrase means “price”? Listen, choose, and say it aloud.	harga
MRLC-MALAY-GOVINFO-GUIDE-V1	Modern Spoken Malay: Source-Guided Course	A2 · Unit 6: Shopping, Prices and Money	A2	Vocabulary and Audio	SELECT	Which modern Malay word or phrase means “Malaysian ringgit”? Listen, choose, and say it aloud.	ringgit
MRLC-MALAY-GOVINFO-GUIDE-V1	Modern Spoken Malay: Source-Guided Course	A2 · Unit 6: Shopping, Prices and Money	A2	Vocabulary and Audio	SELECT	Which modern Malay word or phrase means “sen”? Listen, choose, and say it aloud.	sen
MRLC-MALAY-GOVINFO-GUIDE-V1	Modern Spoken Malay: Source-Guided Course	A2 · Unit 6: Shopping, Prices and Money	A2	Vocabulary and Audio	ASSIST	Which modern Malay word or phrase means “cheap”? Listen, choose, and say it aloud.	murah
MRLC-MALAY-GOVINFO-GUIDE-V1	Modern Spoken Malay: Source-Guided Course	A2 · Unit 6: Shopping, Prices and Money	A2	Vocabulary and Audio	SELECT	Which modern Malay word or phrase means “expensive”? Listen, choose, and say it aloud.	mahal
MRLC-MALAY-GOVINFO-GUIDE-V1	Modern Spoken Malay: Source-Guided Course	A2 · Unit 6: Shopping, Prices and Money	A2	Vocabulary and Audio	SELECT	Which modern Malay word or phrase means “size”? Listen, choose, and say it aloud.	saiz
MRLC-MALAY-GOVINFO-GUIDE-V1	Modern Spoken Malay: Source-Guided Course	A2 · Unit 6: Shopping, Prices and Money	A2	Vocabulary and Audio	SELECT	Which modern Malay word or phrase means “cash”? Listen, choose, and say it aloud.	tunai
MRLC-MALAY-GOVINFO-GUIDE-V1	Modern Spoken Malay: Source-Guided Course	A2 · Unit 6: Shopping, Prices and Money	A2	Vocabulary and Audio	ASSIST	Which modern Malay word or phrase means “card”? Listen, choose, and say it aloud.	kad
MRLC-MALAY-GOVINFO-GUIDE-V1	Modern Spoken Malay: Source-Guided Course	A2 · Unit 6: Shopping, Prices and Money	A2	Vocabulary and Audio	SELECT	Which modern Malay word or phrase means “receipt”? Listen, choose, and say it aloud.	resit
MRLC-MALAY-GOVINFO-GUIDE-V1	Modern Spoken Malay: Source-Guided Course	A2 · Unit 6: Shopping, Prices and Money	A2	Vocabulary and Audio	SELECT	Which modern Malay word or phrase means “change / balance”? Listen, choose, and say it aloud.	baki
MRLC-MALAY-GOVINFO-GUIDE-V1	Modern Spoken Malay: Source-Guided Course	A2 · Unit 6: Shopping, Prices and Money	A2	Daily Speaking	SELECT	DAILY SPEAKING / Ask how much an item costs. / Choose the best modern Malay response, then say it aloud.	Berapa harganya?
MRLC-MALAY-GOVINFO-GUIDE-V1	Modern Spoken Malay: Source-Guided Course	A2 · Unit 6: Shopping, Prices and Money	A2	Daily Speaking	SELECT	DAILY SPEAKING / Say that the item is too expensive. / Choose the best modern Malay response, then say it aloud.	Barang ini terlalu mahal.
MRLC-MALAY-GOVINFO-GUIDE-V1	Modern Spoken Malay: Source-Guided Course	A2 · Unit 6: Shopping, Prices and Money	A2	Daily Speaking	ASSIST	DAILY SPEAKING / Ask whether there is a cheaper one. / Choose the best modern Malay response, then say it aloud.	Ada yang lebih murah?
MRLC-MALAY-GOVINFO-GUIDE-V1	Modern Spoken Malay: Source-Guided Course	A2 · Unit 6: Shopping, Prices and Money	A2	Daily Speaking	SELECT	DAILY SPEAKING / Ask for a larger size. / Choose the best modern Malay response, then say it aloud.	Ada saiz yang lebih besar?
MRLC-MALAY-GOVINFO-GUIDE-V1	Modern Spoken Malay: Source-Guided Course	A2 · Unit 6: Shopping, Prices and Money	A2	Daily Speaking	SELECT	DAILY SPEAKING / Ask for two of the items. / Choose the best modern Malay response, then say it aloud.	Saya mahu dua unit.
MRLC-MALAY-GOVINFO-GUIDE-V1	Modern Spoken Malay: Source-Guided Course	A2 · Unit 6: Shopping, Prices and Money	A2	Daily Speaking	ASSIST	DAILY SPEAKING / Politely ask for a small discount. / Choose the best modern Malay response, then say it aloud.	Boleh kurang sedikit?
MRLC-MALAY-GOVINFO-GUIDE-V1	Modern Spoken Malay: Source-Guided Course	A2 · Unit 6: Shopping, Prices and Money	A2	Daily Speaking	SELECT	DAILY SPEAKING / Say that you will pay by card. / Choose the best modern Malay response, then say it aloud.	Saya akan bayar dengan kad.
MRLC-MALAY-GOVINFO-GUIDE-V1	Modern Spoken Malay: Source-Guided Course	A2 · Unit 6: Shopping, Prices and Money	A2	Daily Speaking	SELECT	DAILY SPEAKING / Ask for a receipt. / Choose the best modern Malay response, then say it aloud.	Boleh saya dapatkan resit?
MRLC-MALAY-GOVINFO-GUIDE-V1	Modern Spoken Malay: Source-Guided Course	A2 · Unit 6: Shopping, Prices and Money	A2	Scenario Practice	SELECT	SCENARIO DIALOGUE / Pelanggan: Berapa harga baju ini? / Penjual: ... / Choose the best modern Malay response, then say it aloud.	Harganya tiga puluh lima ringgit.
MRLC-MALAY-GOVINFO-GUIDE-V1	Modern Spoken Malay: Source-Guided Course	A2 · Unit 6: Shopping, Prices and Money	A2	Scenario Practice	SELECT	SCENARIO DIALOGUE / Pelanggan: Ada saiz yang lebih kecil? / Penjual: ... / Choose the best modern Malay response, then say it aloud.	Ya, saya akan carikan.
MRLC-MALAY-GOVINFO-GUIDE-V1	Modern Spoken Malay: Source-Guided Course	A2 · Unit 6: Shopping, Prices and Money	A2	Scenario Practice	ASSIST	SCENARIO DIALOGUE / Penjual: Mahu warna apa? / Pelanggan: ... / Choose the best modern Malay response, then say it aloud.	Saya mahu warna biru.
MRLC-MALAY-GOVINFO-GUIDE-V1	Modern Spoken Malay: Source-Guided Course	A2 · Unit 6: Shopping, Prices and Money	A2	Scenario Practice	SELECT	SCENARIO DIALOGUE / Penjual: Bayar tunai atau kad? / Pelanggan: ... / Choose the best modern Malay response, then say it aloud.	Saya bayar dengan kad.
MRLC-MALAY-GOVINFO-GUIDE-V1	Modern Spoken Malay: Source-Guided Course	A2 · Unit 6: Shopping, Prices and Money	A2	Scenario Practice	SELECT	SCENARIO DIALOGUE / Pelanggan: Ini lima puluh ringgit. / Penjual: ... / Choose the best modern Malay response, then say it aloud.	Terima kasih. Bakinya lima ringgit.
MRLC-MALAY-GOVINFO-GUIDE-V1	Modern Spoken Malay: Source-Guided Course	A2 · Unit 6: Shopping, Prices and Money	A2	Scenario Practice	ASSIST	SCENARIO DIALOGUE / Pelanggan: Boleh saya dapatkan resit? / Penjual: ... / Choose the best modern Malay response, then say it aloud.	Boleh, ini resit anda.
MRLC-MALAY-GOVINFO-GUIDE-V1	Modern Spoken Malay: Source-Guided Course	A2 · Unit 6: Shopping, Prices and Money	A2	Sentence and Source Workshop	SELECT	SENTENCE PRACTICE / Choose the best Malay sentence for “How much is one kilogram?” / Choose the best modern Malay response, then say it aloud.	Berapa harga sekilogram?
MRLC-MALAY-GOVINFO-GUIDE-V1	Modern Spoken Malay: Source-Guided Course	A2 · Unit 6: Shopping, Prices and Money	A2	Sentence and Source Workshop	SELECT	SENTENCE PRACTICE / Choose the best Malay sentence for “I only have cash.” / Choose the best modern Malay response, then say it aloud.	Saya hanya ada wang tunai.
MRLC-MALAY-GOVINFO-GUIDE-V1	Modern Spoken Malay: Source-Guided Course	A2 · Unit 6: Shopping, Prices and Money	A2	Sentence and Source Workshop	ASSIST	SENTENCE PRACTICE / Choose the phrase for “three ringgit fifty sen.” / Choose the best modern Malay response, then say it aloud.	tiga ringgit lima puluh sen
MRLC-MALAY-GOVINFO-GUIDE-V1	Modern Spoken Malay: Source-Guided Course	A2 · Unit 6: Shopping, Prices and Money	A2	Sentence and Source Workshop	SELECT	SENTENCE PRACTICE / Choose the best Malay sentence for “This one is better.” / Choose the best modern Malay response, then say it aloud.	Yang ini lebih baik.
MRLC-MALAY-GOVINFO-GUIDE-V1	Modern Spoken Malay: Source-Guided Course	A2 · Unit 6: Shopping, Prices and Money	A2	Sentence and Source Workshop	SELECT	SENTENCE PRACTICE / Choose the best Malay sentence for “I do not need a bag.” / Choose the best modern Malay response, then say it aloud.	Saya tidak perlukan beg.
MRLC-MALAY-GOVINFO-GUIDE-V1	Modern Spoken Malay: Source-Guided Course	A2 · Unit 6: Shopping, Prices and Money	A2	Sentence and Source Workshop	ASSIST	SENTENCE PRACTICE / Choose the best Malay sentence for “May I try this on?” / Choose the best modern Malay response, then say it aloud.	Boleh saya cuba yang ini?
MRLC-MALAY-GOVINFO-GUIDE-V1	Modern Spoken Malay: Source-Guided Course	A2 · Unit 6: Shopping, Prices and Money	A2	Sentence and Source Workshop	SELECT	SENTENCE PRACTICE / Choose the best Malay sentence for “The price is reasonable.” / Choose the best modern Malay response, then say it aloud.	Harganya berpatutan.
MRLC-MALAY-GOVINFO-GUIDE-V1	Modern Spoken Malay: Source-Guided Course	A2 · Unit 6: Shopping, Prices and Money	A2	Sentence and Source Workshop	SELECT	SENTENCE PRACTICE / Choose the best Malay sentence for “I am just looking.” / Choose the best modern Malay response, then say it aloud.	Saya tengok-tengok sahaja.
MRLC-MALAY-GOVINFO-GUIDE-V1	Modern Spoken Malay: Source-Guided Course	A2 · Unit 7: Places, Distance and Directions	A2	Vocabulary and Audio	SELECT	Which modern Malay word or phrase means “where”? Listen, choose, and say it aloud.	di mana
MRLC-MALAY-GOVINFO-GUIDE-V1	Modern Spoken Malay: Source-Guided Course	A2 · Unit 7: Places, Distance and Directions	A2	Vocabulary and Audio	SELECT	Which modern Malay word or phrase means “left”? Listen, choose, and say it aloud.	kiri
MRLC-MALAY-GOVINFO-GUIDE-V1	Modern Spoken Malay: Source-Guided Course	A2 · Unit 7: Places, Distance and Directions	A2	Vocabulary and Audio	SELECT	Which modern Malay word or phrase means “right”? Listen, choose, and say it aloud.	kanan
MRLC-MALAY-GOVINFO-GUIDE-V1	Modern Spoken Malay: Source-Guided Course	A2 · Unit 7: Places, Distance and Directions	A2	Vocabulary and Audio	ASSIST	Which modern Malay word or phrase means “straight”? Listen, choose, and say it aloud.	terus
MRLC-MALAY-GOVINFO-GUIDE-V1	Modern Spoken Malay: Source-Guided Course	A2 · Unit 7: Places, Distance and Directions	A2	Vocabulary and Audio	SELECT	Which modern Malay word or phrase means “near”? Listen, choose, and say it aloud.	dekat
MRLC-MALAY-GOVINFO-GUIDE-V1	Modern Spoken Malay: Source-Guided Course	A2 · Unit 7: Places, Distance and Directions	A2	Vocabulary and Audio	SELECT	Which modern Malay word or phrase means “far”? Listen, choose, and say it aloud.	jauh
MRLC-MALAY-GOVINFO-GUIDE-V1	Modern Spoken Malay: Source-Guided Course	A2 · Unit 7: Places, Distance and Directions	A2	Vocabulary and Audio	SELECT	Which modern Malay word or phrase means “junction”? Listen, choose, and say it aloud.	simpang
MRLC-MALAY-GOVINFO-GUIDE-V1	Modern Spoken Malay: Source-Guided Course	A2 · Unit 7: Places, Distance and Directions	A2	Vocabulary and Audio	ASSIST	Which modern Malay word or phrase means “bridge”? Listen, choose, and say it aloud.	jambatan
MRLC-MALAY-GOVINFO-GUIDE-V1	Modern Spoken Malay: Source-Guided Course	A2 · Unit 7: Places, Distance and Directions	A2	Vocabulary and Audio	SELECT	Which modern Malay word or phrase means “market”? Listen, choose, and say it aloud.	pasar
MRLC-MALAY-GOVINFO-GUIDE-V1	Modern Spoken Malay: Source-Guided Course	A2 · Unit 7: Places, Distance and Directions	A2	Vocabulary and Audio	SELECT	Which modern Malay word or phrase means “road / walk”? Listen, choose, and say it aloud.	jalan
MRLC-MALAY-GOVINFO-GUIDE-V1	Modern Spoken Malay: Source-Guided Course	A2 · Unit 7: Places, Distance and Directions	A2	Daily Speaking	SELECT	DAILY SPEAKING / Ask where the market is. / Choose the best modern Malay response, then say it aloud.	Di mana pasar?
MRLC-MALAY-GOVINFO-GUIDE-V1	Modern Spoken Malay: Source-Guided Course	A2 · Unit 7: Places, Distance and Directions	A2	Daily Speaking	SELECT	DAILY SPEAKING / Ask how far the town is. / Choose the best modern Malay response, then say it aloud.	Berapa jauh bandar dari sini?
MRLC-MALAY-GOVINFO-GUIDE-V1	Modern Spoken Malay: Source-Guided Course	A2 · Unit 7: Places, Distance and Directions	A2	Daily Speaking	ASSIST	DAILY SPEAKING / Ask whether the clinic is near. / Choose the best modern Malay response, then say it aloud.	Adakah klinik itu dekat?
MRLC-MALAY-GOVINFO-GUIDE-V1	Modern Spoken Malay: Source-Guided Course	A2 · Unit 7: Places, Distance and Directions	A2	Daily Speaking	SELECT	DAILY SPEAKING / Tell someone to go straight. / Choose the best modern Malay response, then say it aloud.	Jalan terus.
MRLC-MALAY-GOVINFO-GUIDE-V1	Modern Spoken Malay: Source-Guided Course	A2 · Unit 7: Places, Distance and Directions	A2	Daily Speaking	SELECT	DAILY SPEAKING / Tell someone to turn left. / Choose the best modern Malay response, then say it aloud.	Belok kiri.
MRLC-MALAY-GOVINFO-GUIDE-V1	Modern Spoken Malay: Source-Guided Course	A2 · Unit 7: Places, Distance and Directions	A2	Daily Speaking	ASSIST	DAILY SPEAKING / Tell someone to turn right at the junction. / Choose the best modern Malay response, then say it aloud.	Belok kanan di simpang.
MRLC-MALAY-GOVINFO-GUIDE-V1	Modern Spoken Malay: Source-Guided Course	A2 · Unit 7: Places, Distance and Directions	A2	Daily Speaking	SELECT	DAILY SPEAKING / Say that the building is beside the bank. / Choose the best modern Malay response, then say it aloud.	Bangunan itu di sebelah bank.
MRLC-MALAY-GOVINFO-GUIDE-V1	Modern Spoken Malay: Source-Guided Course	A2 · Unit 7: Places, Distance and Directions	A2	Daily Speaking	SELECT	DAILY SPEAKING / Ask someone to show the place on a map. / Choose the best modern Malay response, then say it aloud.	Boleh tunjukkan tempat itu pada peta?
MRLC-MALAY-GOVINFO-GUIDE-V1	Modern Spoken Malay: Source-Guided Course	A2 · Unit 7: Places, Distance and Directions	A2	Scenario Practice	SELECT	SCENARIO DIALOGUE / A: Tumpang tanya, di mana pasar? / B: ... / Choose the best modern Malay response, then say it aloud.	Jalan terus dan belok kiri di simpang.
MRLC-MALAY-GOVINFO-GUIDE-V1	Modern Spoken Malay: Source-Guided Course	A2 · Unit 7: Places, Distance and Directions	A2	Scenario Practice	SELECT	SCENARIO DIALOGUE / A: Adakah hospital itu jauh? / B: ... / Choose the best modern Malay response, then say it aloud.	Tidak, hospital itu berdekatan.
MRLC-MALAY-GOVINFO-GUIDE-V1	Modern Spoken Malay: Source-Guided Course	A2 · Unit 7: Places, Distance and Directions	A2	Scenario Practice	ASSIST	SCENARIO DIALOGUE / A: Selepas jambatan, saya perlu ke mana? / B: ... / Choose the best modern Malay response, then say it aloud.	Belok kanan selepas jambatan.
MRLC-MALAY-GOVINFO-GUIDE-V1	Modern Spoken Malay: Source-Guided Course	A2 · Unit 7: Places, Distance and Directions	A2	Scenario Practice	SELECT	SCENARIO DIALOGUE / A: Boleh tunjukkan jalan pada peta? / B: ... / Choose the best modern Malay response, then say it aloud.	Boleh, kita berada di sini.
MRLC-MALAY-GOVINFO-GUIDE-V1	Modern Spoken Malay: Source-Guided Course	A2 · Unit 7: Places, Distance and Directions	A2	Scenario Practice	SELECT	SCENARIO DIALOGUE / A: Saya rasa saya tersesat. / B: ... / Choose the best modern Malay response, then say it aloud.	Jangan risau. Saya akan bantu.
MRLC-MALAY-GOVINFO-GUIDE-V1	Modern Spoken Malay: Source-Guided Course	A2 · Unit 7: Places, Distance and Directions	A2	Scenario Practice	ASSIST	SCENARIO DIALOGUE / A: Berapa lama kalau berjalan kaki? / B: ... / Choose the best modern Malay response, then say it aloud.	Lebih kurang sepuluh minit.
MRLC-MALAY-GOVINFO-GUIDE-V1	Modern Spoken Malay: Source-Guided Course	A2 · Unit 7: Places, Distance and Directions	A2	Sentence and Source Workshop	SELECT	SENTENCE PRACTICE / Choose the correct modern spelling for the old form “djembatan.” / Choose the best modern Malay response, then say it aloud.	jambatan
MRLC-MALAY-GOVINFO-GUIDE-V1	Modern Spoken Malay: Source-Guided Course	A2 · Unit 7: Places, Distance and Directions	A2	Sentence and Source Workshop	SELECT	SENTENCE PRACTICE / Choose the correct modern spelling for the old form “djalan.” / Choose the best modern Malay response, then say it aloud.	jalan
MRLC-MALAY-GOVINFO-GUIDE-V1	Modern Spoken Malay: Source-Guided Course	A2 · Unit 7: Places, Distance and Directions	A2	Sentence and Source Workshop	ASSIST	SENTENCE PRACTICE / Choose the best Malay sentence for “The post office is across the road.” / Choose the best modern Malay response, then say it aloud.	Pejabat pos berada di seberang jalan.
MRLC-MALAY-GOVINFO-GUIDE-V1	Modern Spoken Malay: Source-Guided Course	A2 · Unit 7: Places, Distance and Directions	A2	Sentence and Source Workshop	SELECT	SENTENCE PRACTICE / Choose the best Malay sentence for “The school is behind the mosque.” / Choose the best modern Malay response, then say it aloud.	Sekolah itu di belakang masjid.
MRLC-MALAY-GOVINFO-GUIDE-V1	Modern Spoken Malay: Source-Guided Course	A2 · Unit 7: Places, Distance and Directions	A2	Sentence and Source Workshop	SELECT	SENTENCE PRACTICE / Choose the best Malay sentence for “It is not far from here.” / Choose the best modern Malay response, then say it aloud.	Tempat itu tidak jauh dari sini.
MRLC-MALAY-GOVINFO-GUIDE-V1	Modern Spoken Malay: Source-Guided Course	A2 · Unit 7: Places, Distance and Directions	A2	Sentence and Source Workshop	ASSIST	SENTENCE PRACTICE / Choose the phrase for “at the traffic light.” / Choose the best modern Malay response, then say it aloud.	di lampu isyarat
MRLC-MALAY-GOVINFO-GUIDE-V1	Modern Spoken Malay: Source-Guided Course	A2 · Unit 7: Places, Distance and Directions	A2	Sentence and Source Workshop	SELECT	SENTENCE PRACTICE / Choose the best Malay sentence for “Take the second exit.” / Choose the best modern Malay response, then say it aloud.	Ambil jalan keluar yang kedua.
MRLC-MALAY-GOVINFO-GUIDE-V1	Modern Spoken Malay: Source-Guided Course	A2 · Unit 7: Places, Distance and Directions	A2	Sentence and Source Workshop	SELECT	SENTENCE PRACTICE / Choose the best Malay sentence for “Could you take me there?” / Choose the best modern Malay response, then say it aloud.	Boleh bawa saya ke sana?
MRLC-MALAY-GOVINFO-GUIDE-V1	Modern Spoken Malay: Source-Guided Course	A2 · Unit 8: Transport, Accommodation and Public Signs	A2	Vocabulary and Audio	SELECT	Which modern Malay word or phrase means “bus”? Listen, choose, and say it aloud.	bas
MRLC-MALAY-GOVINFO-GUIDE-V1	Modern Spoken Malay: Source-Guided Course	A2 · Unit 8: Transport, Accommodation and Public Signs	A2	Vocabulary and Audio	SELECT	Which modern Malay word or phrase means “train”? Listen, choose, and say it aloud.	kereta api
MRLC-MALAY-GOVINFO-GUIDE-V1	Modern Spoken Malay: Source-Guided Course	A2 · Unit 8: Transport, Accommodation and Public Signs	A2	Vocabulary and Audio	SELECT	Which modern Malay word or phrase means “station”? Listen, choose, and say it aloud.	stesen
MRLC-MALAY-GOVINFO-GUIDE-V1	Modern Spoken Malay: Source-Guided Course	A2 · Unit 8: Transport, Accommodation and Public Signs	A2	Vocabulary and Audio	ASSIST	Which modern Malay word or phrase means “ticket”? Listen, choose, and say it aloud.	tiket
MRLC-MALAY-GOVINFO-GUIDE-V1	Modern Spoken Malay: Source-Guided Course	A2 · Unit 8: Transport, Accommodation and Public Signs	A2	Vocabulary and Audio	SELECT	Which modern Malay word or phrase means “depart”? Listen, choose, and say it aloud.	bertolak
MRLC-MALAY-GOVINFO-GUIDE-V1	Modern Spoken Malay: Source-Guided Course	A2 · Unit 8: Transport, Accommodation and Public Signs	A2	Vocabulary and Audio	SELECT	Which modern Malay word or phrase means “arrive”? Listen, choose, and say it aloud.	tiba
MRLC-MALAY-GOVINFO-GUIDE-V1	Modern Spoken Malay: Source-Guided Course	A2 · Unit 8: Transport, Accommodation and Public Signs	A2	Vocabulary and Audio	SELECT	Which modern Malay word or phrase means “hotel”? Listen, choose, and say it aloud.	hotel
MRLC-MALAY-GOVINFO-GUIDE-V1	Modern Spoken Malay: Source-Guided Course	A2 · Unit 8: Transport, Accommodation and Public Signs	A2	Vocabulary and Audio	ASSIST	Which modern Malay word or phrase means “room”? Listen, choose, and say it aloud.	bilik
MRLC-MALAY-GOVINFO-GUIDE-V1	Modern Spoken Malay: Source-Guided Course	A2 · Unit 8: Transport, Accommodation and Public Signs	A2	Vocabulary and Audio	SELECT	Which modern Malay word or phrase means “entrance / enter”? Listen, choose, and say it aloud.	masuk
MRLC-MALAY-GOVINFO-GUIDE-V1	Modern Spoken Malay: Source-Guided Course	A2 · Unit 8: Transport, Accommodation and Public Signs	A2	Vocabulary and Audio	SELECT	Which modern Malay word or phrase means “exit / leave”? Listen, choose, and say it aloud.	keluar
MRLC-MALAY-GOVINFO-GUIDE-V1	Modern Spoken Malay: Source-Guided Course	A2 · Unit 8: Transport, Accommodation and Public Signs	A2	Daily Speaking	SELECT	DAILY SPEAKING / Buy one ticket to Kuala Lumpur. / Choose the best modern Malay response, then say it aloud.	Saya mahu satu tiket ke Kuala Lumpur.
MRLC-MALAY-GOVINFO-GUIDE-V1	Modern Spoken Malay: Source-Guided Course	A2 · Unit 8: Transport, Accommodation and Public Signs	A2	Daily Speaking	SELECT	DAILY SPEAKING / Ask what time the train departs. / Choose the best modern Malay response, then say it aloud.	Kereta api bertolak pukul berapa?
MRLC-MALAY-GOVINFO-GUIDE-V1	Modern Spoken Malay: Source-Guided Course	A2 · Unit 8: Transport, Accommodation and Public Signs	A2	Daily Speaking	ASSIST	DAILY SPEAKING / Ask which platform to use. / Choose the best modern Malay response, then say it aloud.	Di platform mana?
MRLC-MALAY-GOVINFO-GUIDE-V1	Modern Spoken Malay: Source-Guided Course	A2 · Unit 8: Transport, Accommodation and Public Signs	A2	Daily Speaking	SELECT	DAILY SPEAKING / Say that the bus has not arrived yet. / Choose the best modern Malay response, then say it aloud.	Bas belum tiba.
MRLC-MALAY-GOVINFO-GUIDE-V1	Modern Spoken Malay: Source-Guided Course	A2 · Unit 8: Transport, Accommodation and Public Signs	A2	Daily Speaking	SELECT	DAILY SPEAKING / Say that you have a hotel reservation. / Choose the best modern Malay response, then say it aloud.	Saya ada tempahan hotel.
MRLC-MALAY-GOVINFO-GUIDE-V1	Modern Spoken Malay: Source-Guided Course	A2 · Unit 8: Transport, Accommodation and Public Signs	A2	Daily Speaking	ASSIST	DAILY SPEAKING / Ask to check in. / Choose the best modern Malay response, then say it aloud.	Boleh saya daftar masuk?
MRLC-MALAY-GOVINFO-GUIDE-V1	Modern Spoken Malay: Source-Guided Course	A2 · Unit 8: Transport, Accommodation and Public Signs	A2	Daily Speaking	SELECT	DAILY SPEAKING / Report that there is no hot water. / Choose the best modern Malay response, then say it aloud.	Tiada air panas di bilik saya.
MRLC-MALAY-GOVINFO-GUIDE-V1	Modern Spoken Malay: Source-Guided Course	A2 · Unit 8: Transport, Accommodation and Public Signs	A2	Daily Speaking	SELECT	DAILY SPEAKING / Ask where the exit is. / Choose the best modern Malay response, then say it aloud.	Di mana jalan keluar?
MRLC-MALAY-GOVINFO-GUIDE-V1	Modern Spoken Malay: Source-Guided Course	A2 · Unit 8: Transport, Accommodation and Public Signs	A2	Scenario Practice	SELECT	SCENARIO DIALOGUE / Penumpang: Saya mahu satu tiket ke Ipoh. / Petugas: ... / Choose the best modern Malay response, then say it aloud.	Perjalanan sehala atau pergi balik?
MRLC-MALAY-GOVINFO-GUIDE-V1	Modern Spoken Malay: Source-Guided Course	A2 · Unit 8: Transport, Accommodation and Public Signs	A2	Scenario Practice	SELECT	SCENARIO DIALOGUE / Penumpang: Kereta api bertolak pukul berapa? / Petugas: ... / Choose the best modern Malay response, then say it aloud.	Kereta api bertolak pada pukul sembilan.
MRLC-MALAY-GOVINFO-GUIDE-V1	Modern Spoken Malay: Source-Guided Course	A2 · Unit 8: Transport, Accommodation and Public Signs	A2	Scenario Practice	ASSIST	SCENARIO DIALOGUE / Tetamu: Saya ada tempahan atas nama Aung. / Penyambut tetamu: ... / Choose the best modern Malay response, then say it aloud.	Baik, boleh saya lihat pasport anda?
MRLC-MALAY-GOVINFO-GUIDE-V1	Modern Spoken Malay: Source-Guided Course	A2 · Unit 8: Transport, Accommodation and Public Signs	A2	Scenario Practice	SELECT	SCENARIO DIALOGUE / Tetamu: Tiada tuala di bilik saya. / Penyambut tetamu: ... / Choose the best modern Malay response, then say it aloud.	Kami akan menghantar tuala sekarang.
MRLC-MALAY-GOVINFO-GUIDE-V1	Modern Spoken Malay: Source-Guided Course	A2 · Unit 8: Transport, Accommodation and Public Signs	A2	Scenario Practice	SELECT	SCENARIO DIALOGUE / A: Apakah maksud tanda “Dilarang masuk”? / B: ... / Choose the best modern Malay response, then say it aloud.	Kita tidak boleh masuk.
MRLC-MALAY-GOVINFO-GUIDE-V1	Modern Spoken Malay: Source-Guided Course	A2 · Unit 8: Transport, Accommodation and Public Signs	A2	Scenario Practice	ASSIST	SCENARIO DIALOGUE / A: Di mana perhentian bas? / B: ... / Choose the best modern Malay response, then say it aloud.	Perhentian bas berada di hadapan hotel.
MRLC-MALAY-GOVINFO-GUIDE-V1	Modern Spoken Malay: Source-Guided Course	A2 · Unit 8: Transport, Accommodation and Public Signs	A2	Sentence and Source Workshop	SELECT	SENTENCE PRACTICE / Choose the modern sign for “STOP.” / Choose the best modern Malay response, then say it aloud.	BERHENTI
MRLC-MALAY-GOVINFO-GUIDE-V1	Modern Spoken Malay: Source-Guided Course	A2 · Unit 8: Transport, Accommodation and Public Signs	A2	Sentence and Source Workshop	SELECT	SENTENCE PRACTICE / Choose the modern sign for “NO SMOKING.” / Choose the best modern Malay response, then say it aloud.	DILARANG MEROKOK
MRLC-MALAY-GOVINFO-GUIDE-V1	Modern Spoken Malay: Source-Guided Course	A2 · Unit 8: Transport, Accommodation and Public Signs	A2	Sentence and Source Workshop	ASSIST	SENTENCE PRACTICE / Choose the modern sign for “OPEN.” / Choose the best modern Malay response, then say it aloud.	BUKA
MRLC-MALAY-GOVINFO-GUIDE-V1	Modern Spoken Malay: Source-Guided Course	A2 · Unit 8: Transport, Accommodation and Public Signs	A2	Sentence and Source Workshop	SELECT	SENTENCE PRACTICE / Choose the modern sign for “CLOSED.” / Choose the best modern Malay response, then say it aloud.	TUTUP
MRLC-MALAY-GOVINFO-GUIDE-V1	Modern Spoken Malay: Source-Guided Course	A2 · Unit 8: Transport, Accommodation and Public Signs	A2	Sentence and Source Workshop	SELECT	SENTENCE PRACTICE / Choose the modern sign for “ONE WAY.” / Choose the best modern Malay response, then say it aloud.	SEHALA
MRLC-MALAY-GOVINFO-GUIDE-V1	Modern Spoken Malay: Source-Guided Course	A2 · Unit 8: Transport, Accommodation and Public Signs	A2	Sentence and Source Workshop	ASSIST	SENTENCE PRACTICE / Choose the modern sign for “DEAD END.” / Choose the best modern Malay response, then say it aloud.	JALAN BUNTU
MRLC-MALAY-GOVINFO-GUIDE-V1	Modern Spoken Malay: Source-Guided Course	A2 · Unit 8: Transport, Accommodation and Public Signs	A2	Sentence and Source Workshop	SELECT	SENTENCE PRACTICE / Choose the best Malay sentence for “The train has been delayed.” / Choose the best modern Malay response, then say it aloud.	Kereta api telah ditangguhkan.
MRLC-MALAY-GOVINFO-GUIDE-V1	Modern Spoken Malay: Source-Guided Course	A2 · Unit 8: Transport, Accommodation and Public Signs	A2	Sentence and Source Workshop	SELECT	SENTENCE PRACTICE / Choose the best Malay sentence for “Please wake me at six.” / Choose the best modern Malay response, then say it aloud.	Tolong kejutkan saya pada pukul enam.
MRLC-MALAY-GOVINFO-GUIDE-V1	Modern Spoken Malay: Source-Guided Course	B1 · Unit 9: Personal Needs and Everyday Services	B1	Vocabulary and Audio	SELECT	Which modern Malay word or phrase means “towel”? Listen, choose, and say it aloud.	tuala
MRLC-MALAY-GOVINFO-GUIDE-V1	Modern Spoken Malay: Source-Guided Course	B1 · Unit 9: Personal Needs and Everyday Services	B1	Vocabulary and Audio	SELECT	Which modern Malay word or phrase means “pillow”? Listen, choose, and say it aloud.	bantal
MRLC-MALAY-GOVINFO-GUIDE-V1	Modern Spoken Malay: Source-Guided Course	B1 · Unit 9: Personal Needs and Everyday Services	B1	Vocabulary and Audio	SELECT	Which modern Malay word or phrase means “blanket”? Listen, choose, and say it aloud.	selimut
MRLC-MALAY-GOVINFO-GUIDE-V1	Modern Spoken Malay: Source-Guided Course	B1 · Unit 9: Personal Needs and Everyday Services	B1	Vocabulary and Audio	ASSIST	Which modern Malay word or phrase means “toothbrush”? Listen, choose, and say it aloud.	berus gigi
MRLC-MALAY-GOVINFO-GUIDE-V1	Modern Spoken Malay: Source-Guided Course	B1 · Unit 9: Personal Needs and Everyday Services	B1	Vocabulary and Audio	SELECT	Which modern Malay word or phrase means “toothpaste”? Listen, choose, and say it aloud.	ubat gigi
MRLC-MALAY-GOVINFO-GUIDE-V1	Modern Spoken Malay: Source-Guided Course	B1 · Unit 9: Personal Needs and Everyday Services	B1	Vocabulary and Audio	SELECT	Which modern Malay word or phrase means “pharmacy”? Listen, choose, and say it aloud.	farmasi
MRLC-MALAY-GOVINFO-GUIDE-V1	Modern Spoken Malay: Source-Guided Course	B1 · Unit 9: Personal Needs and Everyday Services	B1	Vocabulary and Audio	SELECT	Which modern Malay word or phrase means “laundry”? Listen, choose, and say it aloud.	dobi
MRLC-MALAY-GOVINFO-GUIDE-V1	Modern Spoken Malay: Source-Guided Course	B1 · Unit 9: Personal Needs and Everyday Services	B1	Vocabulary and Audio	ASSIST	Which modern Malay word or phrase means “workshop / garage”? Listen, choose, and say it aloud.	bengkel
MRLC-MALAY-GOVINFO-GUIDE-V1	Modern Spoken Malay: Source-Guided Course	B1 · Unit 9: Personal Needs and Everyday Services	B1	Vocabulary and Audio	SELECT	Which modern Malay word or phrase means “barbershop / salon”? Listen, choose, and say it aloud.	kedai gunting rambut
MRLC-MALAY-GOVINFO-GUIDE-V1	Modern Spoken Malay: Source-Guided Course	B1 · Unit 9: Personal Needs and Everyday Services	B1	Vocabulary and Audio	SELECT	Which modern Malay word or phrase means “post office”? Listen, choose, and say it aloud.	pejabat pos
MRLC-MALAY-GOVINFO-GUIDE-V1	Modern Spoken Malay: Source-Guided Course	B1 · Unit 9: Personal Needs and Everyday Services	B1	Daily Speaking	SELECT	DAILY SPEAKING / Say that you need a clean towel. / Choose the best modern Malay response, then say it aloud.	Saya perlukan tuala yang bersih.
MRLC-MALAY-GOVINFO-GUIDE-V1	Modern Spoken Malay: Source-Guided Course	B1 · Unit 9: Personal Needs and Everyday Services	B1	Daily Speaking	SELECT	DAILY SPEAKING / Ask whether there is an extra blanket. / Choose the best modern Malay response, then say it aloud.	Ada selimut tambahan?
MRLC-MALAY-GOVINFO-GUIDE-V1	Modern Spoken Malay: Source-Guided Course	B1 · Unit 9: Personal Needs and Everyday Services	B1	Daily Speaking	ASSIST	DAILY SPEAKING / Ask where you can buy toothpaste. / Choose the best modern Malay response, then say it aloud.	Di mana saya boleh membeli ubat gigi?
MRLC-MALAY-GOVINFO-GUIDE-V1	Modern Spoken Malay: Source-Guided Course	B1 · Unit 9: Personal Needs and Everyday Services	B1	Daily Speaking	SELECT	DAILY SPEAKING / Ask where the nearest pharmacy is. / Choose the best modern Malay response, then say it aloud.	Di mana farmasi yang terdekat?
MRLC-MALAY-GOVINFO-GUIDE-V1	Modern Spoken Malay: Source-Guided Course	B1 · Unit 9: Personal Needs and Everyday Services	B1	Daily Speaking	SELECT	DAILY SPEAKING / Ask whether the shirt can be washed today. / Choose the best modern Malay response, then say it aloud.	Boleh baju ini dicuci hari ini?
MRLC-MALAY-GOVINFO-GUIDE-V1	Modern Spoken Malay: Source-Guided Course	B1 · Unit 9: Personal Needs and Everyday Services	B1	Daily Speaking	ASSIST	DAILY SPEAKING / Say that your shoe is damaged. / Choose the best modern Malay response, then say it aloud.	Kasut saya rosak.
MRLC-MALAY-GOVINFO-GUIDE-V1	Modern Spoken Malay: Source-Guided Course	B1 · Unit 9: Personal Needs and Everyday Services	B1	Daily Speaking	SELECT	DAILY SPEAKING / Ask for a haircut. / Choose the best modern Malay response, then say it aloud.	Saya mahu potong rambut.
MRLC-MALAY-GOVINFO-GUIDE-V1	Modern Spoken Malay: Source-Guided Course	B1 · Unit 9: Personal Needs and Everyday Services	B1	Daily Speaking	SELECT	DAILY SPEAKING / Ask where you can repair a bicycle. / Choose the best modern Malay response, then say it aloud.	Di mana saya boleh membaiki basikal?
MRLC-MALAY-GOVINFO-GUIDE-V1	Modern Spoken Malay: Source-Guided Course	B1 · Unit 9: Personal Needs and Everyday Services	B1	Scenario Practice	SELECT	SCENARIO DIALOGUE / Tetamu: Ada bantal tambahan? / Pekerja: ... / Choose the best modern Malay response, then say it aloud.	Ya, kami akan hantarkan satu.
MRLC-MALAY-GOVINFO-GUIDE-V1	Modern Spoken Malay: Source-Guided Course	B1 · Unit 9: Personal Needs and Everyday Services	B1	Scenario Practice	SELECT	SCENARIO DIALOGUE / Pelanggan: Bila pakaian ini siap dicuci? / Pekerja dobi: ... / Choose the best modern Malay response, then say it aloud.	Pakaian ini siap petang esok.
MRLC-MALAY-GOVINFO-GUIDE-V1	Modern Spoken Malay: Source-Guided Course	B1 · Unit 9: Personal Needs and Everyday Services	B1	Scenario Practice	ASSIST	SCENARIO DIALOGUE / Pelanggan: Basikal saya rosak. / Mekanik: ... / Choose the best modern Malay response, then say it aloud.	Apakah masalahnya?
MRLC-MALAY-GOVINFO-GUIDE-V1	Modern Spoken Malay: Source-Guided Course	B1 · Unit 9: Personal Needs and Everyday Services	B1	Scenario Practice	SELECT	SCENARIO DIALOGUE / Pelanggan: Saya mahu potong rambut pendek. / Pendandan rambut: ... / Choose the best modern Malay response, then say it aloud.	Baik, pendek di bahagian tepi juga?
MRLC-MALAY-GOVINFO-GUIDE-V1	Modern Spoken Malay: Source-Guided Course	B1 · Unit 9: Personal Needs and Everyday Services	B1	Scenario Practice	SELECT	SCENARIO DIALOGUE / A: Di mana pejabat pos? / B: ... / Choose the best modern Malay response, then say it aloud.	Pejabat pos berada di sebelah bank.
MRLC-MALAY-GOVINFO-GUIDE-V1	Modern Spoken Malay: Source-Guided Course	B1 · Unit 9: Personal Needs and Everyday Services	B1	Scenario Practice	ASSIST	SCENARIO DIALOGUE / Pelanggan: Ada ubat gigi saiz kecil? / Pekerja: ... / Choose the best modern Malay response, then say it aloud.	Ya, ada di rak sebelah kanan.
MRLC-MALAY-GOVINFO-GUIDE-V1	Modern Spoken Malay: Source-Guided Course	B1 · Unit 9: Personal Needs and Everyday Services	B1	Sentence and Source Workshop	SELECT	SENTENCE PRACTICE / Choose the best Malay sentence for “Please bring me a pillow.” / Choose the best modern Malay response, then say it aloud.	Tolong bawakan saya sebuah bantal.
MRLC-MALAY-GOVINFO-GUIDE-V1	Modern Spoken Malay: Source-Guided Course	B1 · Unit 9: Personal Needs and Everyday Services	B1	Sentence and Source Workshop	SELECT	SENTENCE PRACTICE / Choose the best Malay sentence for “I do not have an umbrella.” / Choose the best modern Malay response, then say it aloud.	Saya tidak mempunyai payung.
MRLC-MALAY-GOVINFO-GUIDE-V1	Modern Spoken Malay: Source-Guided Course	B1 · Unit 9: Personal Needs and Everyday Services	B1	Sentence and Source Workshop	ASSIST	SENTENCE PRACTICE / Choose the best Malay sentence for “Where can I get clean water?” / Choose the best modern Malay response, then say it aloud.	Di mana saya boleh mendapatkan air bersih?
MRLC-MALAY-GOVINFO-GUIDE-V1	Modern Spoken Malay: Source-Guided Course	B1 · Unit 9: Personal Needs and Everyday Services	B1	Sentence and Source Workshop	SELECT	SENTENCE PRACTICE / Choose the best Malay sentence for “Is there a mechanic nearby?” / Choose the best modern Malay response, then say it aloud.	Ada mekanik berdekatan?
MRLC-MALAY-GOVINFO-GUIDE-V1	Modern Spoken Malay: Source-Guided Course	B1 · Unit 9: Personal Needs and Everyday Services	B1	Sentence and Source Workshop	SELECT	SENTENCE PRACTICE / Choose the best Malay sentence for “This needs to be repaired.” / Choose the best modern Malay response, then say it aloud.	Benda ini perlu dibaiki.
MRLC-MALAY-GOVINFO-GUIDE-V1	Modern Spoken Malay: Source-Guided Course	B1 · Unit 9: Personal Needs and Everyday Services	B1	Sentence and Source Workshop	ASSIST	SENTENCE PRACTICE / Choose the best Malay sentence for “How long will it take?” / Choose the best modern Malay response, then say it aloud.	Berapa lama masa yang diperlukan?
MRLC-MALAY-GOVINFO-GUIDE-V1	Modern Spoken Malay: Source-Guided Course	B1 · Unit 9: Personal Needs and Everyday Services	B1	Sentence and Source Workshop	SELECT	SENTENCE PRACTICE / Choose the best Malay sentence for “I will come back tomorrow.” / Choose the best modern Malay response, then say it aloud.	Saya akan datang semula esok.
MRLC-MALAY-GOVINFO-GUIDE-V1	Modern Spoken Malay: Source-Guided Course	B1 · Unit 9: Personal Needs and Everyday Services	B1	Sentence and Source Workshop	SELECT	SENTENCE PRACTICE / Choose the best Malay sentence for “Please write the address here.” / Choose the best modern Malay response, then say it aloud.	Tolong tulis alamat di sini.
MRLC-MALAY-GOVINFO-GUIDE-V1	Modern Spoken Malay: Source-Guided Course	B1 · Unit 10: Health, Safety and Emergencies	B1	Vocabulary and Audio	SELECT	Which modern Malay word or phrase means “sick / painful”? Listen, choose, and say it aloud.	sakit
MRLC-MALAY-GOVINFO-GUIDE-V1	Modern Spoken Malay: Source-Guided Course	B1 · Unit 10: Health, Safety and Emergencies	B1	Vocabulary and Audio	SELECT	Which modern Malay word or phrase means “fever”? Listen, choose, and say it aloud.	demam
MRLC-MALAY-GOVINFO-GUIDE-V1	Modern Spoken Malay: Source-Guided Course	B1 · Unit 10: Health, Safety and Emergencies	B1	Vocabulary and Audio	SELECT	Which modern Malay word or phrase means “dizzy”? Listen, choose, and say it aloud.	pening
MRLC-MALAY-GOVINFO-GUIDE-V1	Modern Spoken Malay: Source-Guided Course	B1 · Unit 10: Health, Safety and Emergencies	B1	Vocabulary and Audio	ASSIST	Which modern Malay word or phrase means “medicine”? Listen, choose, and say it aloud.	ubat
MRLC-MALAY-GOVINFO-GUIDE-V1	Modern Spoken Malay: Source-Guided Course	B1 · Unit 10: Health, Safety and Emergencies	B1	Vocabulary and Audio	SELECT	Which modern Malay word or phrase means “doctor”? Listen, choose, and say it aloud.	doktor
MRLC-MALAY-GOVINFO-GUIDE-V1	Modern Spoken Malay: Source-Guided Course	B1 · Unit 10: Health, Safety and Emergencies	B1	Vocabulary and Audio	SELECT	Which modern Malay word or phrase means “clinic”? Listen, choose, and say it aloud.	klinik
MRLC-MALAY-GOVINFO-GUIDE-V1	Modern Spoken Malay: Source-Guided Course	B1 · Unit 10: Health, Safety and Emergencies	B1	Vocabulary and Audio	SELECT	Which modern Malay word or phrase means “ambulance”? Listen, choose, and say it aloud.	ambulans
MRLC-MALAY-GOVINFO-GUIDE-V1	Modern Spoken Malay: Source-Guided Course	B1 · Unit 10: Health, Safety and Emergencies	B1	Vocabulary and Audio	ASSIST	Which modern Malay word or phrase means “danger”? Listen, choose, and say it aloud.	bahaya
MRLC-MALAY-GOVINFO-GUIDE-V1	Modern Spoken Malay: Source-Guided Course	B1 · Unit 10: Health, Safety and Emergencies	B1	Vocabulary and Audio	SELECT	Which modern Malay word or phrase means “watch out / caution”? Listen, choose, and say it aloud.	awas
MRLC-MALAY-GOVINFO-GUIDE-V1	Modern Spoken Malay: Source-Guided Course	B1 · Unit 10: Health, Safety and Emergencies	B1	Vocabulary and Audio	SELECT	Which modern Malay word or phrase means “help”? Listen, choose, and say it aloud.	bantuan
MRLC-MALAY-GOVINFO-GUIDE-V1	Modern Spoken Malay: Source-Guided Course	B1 · Unit 10: Health, Safety and Emergencies	B1	Daily Speaking	SELECT	DAILY SPEAKING / Say that you have a headache. / Choose the best modern Malay response, then say it aloud.	Saya sakit kepala.
MRLC-MALAY-GOVINFO-GUIDE-V1	Modern Spoken Malay: Source-Guided Course	B1 · Unit 10: Health, Safety and Emergencies	B1	Daily Speaking	SELECT	DAILY SPEAKING / Say that you have had a fever since yesterday. / Choose the best modern Malay response, then say it aloud.	Saya demam sejak semalam.
MRLC-MALAY-GOVINFO-GUIDE-V1	Modern Spoken Malay: Source-Guided Course	B1 · Unit 10: Health, Safety and Emergencies	B1	Daily Speaking	ASSIST	DAILY SPEAKING / Say that you feel dizzy. / Choose the best modern Malay response, then say it aloud.	Saya berasa pening.
MRLC-MALAY-GOVINFO-GUIDE-V1	Modern Spoken Malay: Source-Guided Course	B1 · Unit 10: Health, Safety and Emergencies	B1	Daily Speaking	SELECT	DAILY SPEAKING / Say that you are allergic to penicillin. / Choose the best modern Malay response, then say it aloud.	Saya alah kepada penisilin.
MRLC-MALAY-GOVINFO-GUIDE-V1	Modern Spoken Malay: Source-Guided Course	B1 · Unit 10: Health, Safety and Emergencies	B1	Daily Speaking	SELECT	DAILY SPEAKING / Ask where the nearest clinic is. / Choose the best modern Malay response, then say it aloud.	Di mana klinik yang terdekat?
MRLC-MALAY-GOVINFO-GUIDE-V1	Modern Spoken Malay: Source-Guided Course	B1 · Unit 10: Health, Safety and Emergencies	B1	Daily Speaking	ASSIST	DAILY SPEAKING / Say that you need a doctor. / Choose the best modern Malay response, then say it aloud.	Saya perlu berjumpa doktor.
MRLC-MALAY-GOVINFO-GUIDE-V1	Modern Spoken Malay: Source-Guided Course	B1 · Unit 10: Health, Safety and Emergencies	B1	Daily Speaking	SELECT	DAILY SPEAKING / Ask someone to call an ambulance. / Choose the best modern Malay response, then say it aloud.	Tolong panggil ambulans.
MRLC-MALAY-GOVINFO-GUIDE-V1	Modern Spoken Malay: Source-Guided Course	B1 · Unit 10: Health, Safety and Emergencies	B1	Daily Speaking	SELECT	DAILY SPEAKING / Warn someone to be careful. / Choose the best modern Malay response, then say it aloud.	Awas! Hati-hati!
MRLC-MALAY-GOVINFO-GUIDE-V1	Modern Spoken Malay: Source-Guided Course	B1 · Unit 10: Health, Safety and Emergencies	B1	Scenario Practice	SELECT	SCENARIO DIALOGUE / Doktor: Apa masalah anda? / Pesakit: ... / Choose the best modern Malay response, then say it aloud.	Saya sakit perut sejak pagi tadi.
MRLC-MALAY-GOVINFO-GUIDE-V1	Modern Spoken Malay: Source-Guided Course	B1 · Unit 10: Health, Safety and Emergencies	B1	Scenario Practice	SELECT	SCENARIO DIALOGUE / Doktor: Ada alahan terhadap ubat? / Pesakit: ... / Choose the best modern Malay response, then say it aloud.	Ya, saya alah kepada penisilin.
MRLC-MALAY-GOVINFO-GUIDE-V1	Modern Spoken Malay: Source-Guided Course	B1 · Unit 10: Health, Safety and Emergencies	B1	Scenario Practice	ASSIST	SCENARIO DIALOGUE / Ahli farmasi: Ubat ini perlu diambil selepas makan. / Pelanggan: ... / Choose the best modern Malay response, then say it aloud.	Baik, berapa kali sehari?
MRLC-MALAY-GOVINFO-GUIDE-V1	Modern Spoken Malay: Source-Guided Course	B1 · Unit 10: Health, Safety and Emergencies	B1	Scenario Practice	SELECT	SCENARIO DIALOGUE / A: Kawan saya pengsan. / B: ... / Choose the best modern Malay response, then say it aloud.	Saya akan panggil ambulans.
MRLC-MALAY-GOVINFO-GUIDE-V1	Modern Spoken Malay: Source-Guided Course	B1 · Unit 10: Health, Safety and Emergencies	B1	Scenario Practice	SELECT	SCENARIO DIALOGUE / A: Awas, lantai basah! / B: ... / Choose the best modern Malay response, then say it aloud.	Terima kasih kerana memberitahu saya.
MRLC-MALAY-GOVINFO-GUIDE-V1	Modern Spoken Malay: Source-Guided Course	B1 · Unit 10: Health, Safety and Emergencies	B1	Scenario Practice	ASSIST	SCENARIO DIALOGUE / Pesakit: Saya rasa lebih baik hari ini. / Doktor: ... / Choose the best modern Malay response, then say it aloud.	Bagus. Teruskan berehat.
MRLC-MALAY-GOVINFO-GUIDE-V1	Modern Spoken Malay: Source-Guided Course	B1 · Unit 10: Health, Safety and Emergencies	B1	Sentence and Source Workshop	SELECT	SENTENCE PRACTICE / Choose the best Malay sentence for “My arm hurts.” / Choose the best modern Malay response, then say it aloud.	Lengan saya sakit.
MRLC-MALAY-GOVINFO-GUIDE-V1	Modern Spoken Malay: Source-Guided Course	B1 · Unit 10: Health, Safety and Emergencies	B1	Sentence and Source Workshop	SELECT	SENTENCE PRACTICE / Choose the best Malay sentence for “I have been coughing for three days.” / Choose the best modern Malay response, then say it aloud.	Saya batuk selama tiga hari.
MRLC-MALAY-GOVINFO-GUIDE-V1	Modern Spoken Malay: Source-Guided Course	B1 · Unit 10: Health, Safety and Emergencies	B1	Sentence and Source Workshop	ASSIST	SENTENCE PRACTICE / Choose the best Malay sentence for “I am lost and need help.” / Choose the best modern Malay response, then say it aloud.	Saya sesat dan perlukan bantuan.
MRLC-MALAY-GOVINFO-GUIDE-V1	Modern Spoken Malay: Source-Guided Course	B1 · Unit 10: Health, Safety and Emergencies	B1	Sentence and Source Workshop	SELECT	SENTENCE PRACTICE / Choose the best Malay sentence for “Do not touch that.” / Choose the best modern Malay response, then say it aloud.	Jangan sentuh benda itu.
MRLC-MALAY-GOVINFO-GUIDE-V1	Modern Spoken Malay: Source-Guided Course	B1 · Unit 10: Health, Safety and Emergencies	B1	Sentence and Source Workshop	SELECT	SENTENCE PRACTICE / Choose the best Malay sentence for “This area is dangerous.” / Choose the best modern Malay response, then say it aloud.	Kawasan ini berbahaya.
MRLC-MALAY-GOVINFO-GUIDE-V1	Modern Spoken Malay: Source-Guided Course	B1 · Unit 10: Health, Safety and Emergencies	B1	Sentence and Source Workshop	ASSIST	SENTENCE PRACTICE / Choose the best Malay sentence for “Take this medicine twice a day.” / Choose the best modern Malay response, then say it aloud.	Ambil ubat ini dua kali sehari.
MRLC-MALAY-GOVINFO-GUIDE-V1	Modern Spoken Malay: Source-Guided Course	B1 · Unit 10: Health, Safety and Emergencies	B1	Sentence and Source Workshop	SELECT	SENTENCE PRACTICE / Choose the best Malay sentence for “I cannot breathe well.” / Choose the best modern Malay response, then say it aloud.	Saya sukar bernafas.
MRLC-MALAY-GOVINFO-GUIDE-V1	Modern Spoken Malay: Source-Guided Course	B1 · Unit 10: Health, Safety and Emergencies	B1	Sentence and Source Workshop	SELECT	SENTENCE PRACTICE / Choose the best Malay sentence for “Please contact my family.” / Choose the best modern Malay response, then say it aloud.	Tolong hubungi keluarga saya.
MRLC-MALAY-GOVINFO-GUIDE-V1	Modern Spoken Malay: Source-Guided Course	B1 · Unit 11: Reusable Sentence Frames	B1	Vocabulary and Audio	SELECT	Which modern Malay word or phrase means “want”? Listen, choose, and say it aloud.	mahu
MRLC-MALAY-GOVINFO-GUIDE-V1	Modern Spoken Malay: Source-Guided Course	B1 · Unit 11: Reusable Sentence Frames	B1	Vocabulary and Audio	SELECT	Which modern Malay word or phrase means “need”? Listen, choose, and say it aloud.	perlu
MRLC-MALAY-GOVINFO-GUIDE-V1	Modern Spoken Malay: Source-Guided Course	B1 · Unit 11: Reusable Sentence Frames	B1	Vocabulary and Audio	SELECT	Which modern Malay word or phrase means “can / may”? Listen, choose, and say it aloud.	boleh
MRLC-MALAY-GOVINFO-GUIDE-V1	Modern Spoken Malay: Source-Guided Course	B1 · Unit 11: Reusable Sentence Frames	B1	Vocabulary and Audio	ASSIST	Which modern Malay word or phrase means “obtain / get”? Listen, choose, and say it aloud.	mendapatkan
MRLC-MALAY-GOVINFO-GUIDE-V1	Modern Spoken Malay: Source-Guided Course	B1 · Unit 11: Reusable Sentence Frames	B1	Vocabulary and Audio	SELECT	Which modern Malay word or phrase means “bring / carry”? Listen, choose, and say it aloud.	membawa
MRLC-MALAY-GOVINFO-GUIDE-V1	Modern Spoken Malay: Source-Guided Course	B1 · Unit 11: Reusable Sentence Frames	B1	Vocabulary and Audio	SELECT	Which modern Malay word or phrase means “give”? Listen, choose, and say it aloud.	memberi
MRLC-MALAY-GOVINFO-GUIDE-V1	Modern Spoken Malay: Source-Guided Course	B1 · Unit 11: Reusable Sentence Frames	B1	Vocabulary and Audio	SELECT	Which modern Malay word or phrase means “look for”? Listen, choose, and say it aloud.	mencari
MRLC-MALAY-GOVINFO-GUIDE-V1	Modern Spoken Malay: Source-Guided Course	B1 · Unit 11: Reusable Sentence Frames	B1	Vocabulary and Audio	ASSIST	Which modern Malay word or phrase means “have / possess”? Listen, choose, and say it aloud.	mempunyai
MRLC-MALAY-GOVINFO-GUIDE-V1	Modern Spoken Malay: Source-Guided Course	B1 · Unit 11: Reusable Sentence Frames	B1	Vocabulary and Audio	SELECT	Which modern Malay word or phrase means “too / excessively”? Listen, choose, and say it aloud.	terlalu
MRLC-MALAY-GOVINFO-GUIDE-V1	Modern Spoken Malay: Source-Guided Course	B1 · Unit 11: Reusable Sentence Frames	B1	Vocabulary and Audio	SELECT	Which modern Malay word or phrase means “perhaps”? Listen, choose, and say it aloud.	barangkali
MRLC-MALAY-GOVINFO-GUIDE-V1	Modern Spoken Malay: Source-Guided Course	B1 · Unit 11: Reusable Sentence Frames	B1	Daily Speaking	SELECT	DAILY SPEAKING / Use the frame “I want ...” with a ticket. / Choose the best modern Malay response, then say it aloud.	Saya mahu satu tiket.
MRLC-MALAY-GOVINFO-GUIDE-V1	Modern Spoken Malay: Source-Guided Course	B1 · Unit 11: Reusable Sentence Frames	B1	Daily Speaking	SELECT	DAILY SPEAKING / Use the frame “I need ...” with help. / Choose the best modern Malay response, then say it aloud.	Saya perlukan bantuan.
MRLC-MALAY-GOVINFO-GUIDE-V1	Modern Spoken Malay: Source-Guided Course	B1 · Unit 11: Reusable Sentence Frames	B1	Daily Speaking	ASSIST	DAILY SPEAKING / Use the frame “Where can I get ...?” with drinking water. / Choose the best modern Malay response, then say it aloud.	Di mana saya boleh mendapatkan air minuman?
MRLC-MALAY-GOVINFO-GUIDE-V1	Modern Spoken Malay: Source-Guided Course	B1 · Unit 11: Reusable Sentence Frames	B1	Daily Speaking	SELECT	DAILY SPEAKING / Use the frame “Do you have ...?” with a map. / Choose the best modern Malay response, then say it aloud.	Awak ada peta?
MRLC-MALAY-GOVINFO-GUIDE-V1	Modern Spoken Malay: Source-Guided Course	B1 · Unit 11: Reusable Sentence Frames	B1	Daily Speaking	SELECT	DAILY SPEAKING / Use the frame “Please bring me ...” with a chair. / Choose the best modern Malay response, then say it aloud.	Tolong bawakan saya sebuah kerusi.
MRLC-MALAY-GOVINFO-GUIDE-V1	Modern Spoken Malay: Source-Guided Course	B1 · Unit 11: Reusable Sentence Frames	B1	Daily Speaking	ASSIST	DAILY SPEAKING / Use the frame “This is too ...” with hot. / Choose the best modern Malay response, then say it aloud.	Ini terlalu panas.
MRLC-MALAY-GOVINFO-GUIDE-V1	Modern Spoken Malay: Source-Guided Course	B1 · Unit 11: Reusable Sentence Frames	B1	Daily Speaking	SELECT	DAILY SPEAKING / Use the frame “I do not have ...” with cash. / Choose the best modern Malay response, then say it aloud.	Saya tidak mempunyai wang tunai.
MRLC-MALAY-GOVINFO-GUIDE-V1	Modern Spoken Malay: Source-Guided Course	B1 · Unit 11: Reusable Sentence Frames	B1	Daily Speaking	SELECT	DAILY SPEAKING / Use the frame “Is there ... nearby?” with a bank. / Choose the best modern Malay response, then say it aloud.	Ada bank berdekatan?
MRLC-MALAY-GOVINFO-GUIDE-V1	Modern Spoken Malay: Source-Guided Course	B1 · Unit 11: Reusable Sentence Frames	B1	Scenario Practice	SELECT	SCENARIO DIALOGUE / A: Awak perlukan apa? / B: ... / Choose the best modern Malay response, then say it aloud.	Saya perlukan pengecas telefon.
MRLC-MALAY-GOVINFO-GUIDE-V1	Modern Spoken Malay: Source-Guided Course	B1 · Unit 11: Reusable Sentence Frames	B1	Scenario Practice	SELECT	SCENARIO DIALOGUE / A: Di mana saya boleh mendapatkan peta? / B: ... / Choose the best modern Malay response, then say it aloud.	Peta boleh didapati di kaunter maklumat.
MRLC-MALAY-GOVINFO-GUIDE-V1	Modern Spoken Malay: Source-Guided Course	B1 · Unit 11: Reusable Sentence Frames	B1	Scenario Practice	ASSIST	SCENARIO DIALOGUE / A: Ada kedai makan berdekatan? / B: ... / Choose the best modern Malay response, then say it aloud.	Ya, ada satu di hujung jalan.
MRLC-MALAY-GOVINFO-GUIDE-V1	Modern Spoken Malay: Source-Guided Course	B1 · Unit 11: Reusable Sentence Frames	B1	Scenario Practice	SELECT	SCENARIO DIALOGUE / A: Boleh tolong bawakan kerusi? / B: ... / Choose the best modern Malay response, then say it aloud.	Boleh, tunggu sebentar.
MRLC-MALAY-GOVINFO-GUIDE-V1	Modern Spoken Malay: Source-Guided Course	B1 · Unit 11: Reusable Sentence Frames	B1	Scenario Practice	SELECT	SCENARIO DIALOGUE / A: Bilik ini terlalu bising. / B: ... / Choose the best modern Malay response, then say it aloud.	Kami boleh pindahkan anda ke bilik lain.
MRLC-MALAY-GOVINFO-GUIDE-V1	Modern Spoken Malay: Source-Guided Course	B1 · Unit 11: Reusable Sentence Frames	B1	Scenario Practice	ASSIST	SCENARIO DIALOGUE / A: Barangkali saya tersalah jalan. / B: ... / Choose the best modern Malay response, then say it aloud.	Mari kita periksa peta.
MRLC-MALAY-GOVINFO-GUIDE-V1	Modern Spoken Malay: Source-Guided Course	B1 · Unit 11: Reusable Sentence Frames	B1	Sentence and Source Workshop	SELECT	SENTENCE PRACTICE / Complete the frame: “Saya mahu ___.” / Choose the best modern Malay response, then say it aloud.	Saya mahu membeli tiket.
MRLC-MALAY-GOVINFO-GUIDE-V1	Modern Spoken Malay: Source-Guided Course	B1 · Unit 11: Reusable Sentence Frames	B1	Sentence and Source Workshop	SELECT	SENTENCE PRACTICE / Complete the frame: “Saya perlu ___.” / Choose the best modern Malay response, then say it aloud.	Saya perlu menghubungi keluarga saya.
MRLC-MALAY-GOVINFO-GUIDE-V1	Modern Spoken Malay: Source-Guided Course	B1 · Unit 11: Reusable Sentence Frames	B1	Sentence and Source Workshop	ASSIST	SENTENCE PRACTICE / Complete the frame: “Di mana saya boleh ___?” / Choose the best modern Malay response, then say it aloud.	Di mana saya boleh menukar wang?
MRLC-MALAY-GOVINFO-GUIDE-V1	Modern Spoken Malay: Source-Guided Course	B1 · Unit 11: Reusable Sentence Frames	B1	Sentence and Source Workshop	SELECT	SENTENCE PRACTICE / Complete the frame: “Ada ___?” / Choose the best modern Malay response, then say it aloud.	Ada tandas berdekatan?
MRLC-MALAY-GOVINFO-GUIDE-V1	Modern Spoken Malay: Source-Guided Course	B1 · Unit 11: Reusable Sentence Frames	B1	Sentence and Source Workshop	SELECT	SENTENCE PRACTICE / Complete the frame: “Boleh tolong ___?” / Choose the best modern Malay response, then say it aloud.	Boleh tolong tuliskan alamat itu?
MRLC-MALAY-GOVINFO-GUIDE-V1	Modern Spoken Malay: Source-Guided Course	B1 · Unit 11: Reusable Sentence Frames	B1	Sentence and Source Workshop	ASSIST	SENTENCE PRACTICE / Complete the frame: “Ini terlalu ___.” / Choose the best modern Malay response, then say it aloud.	Ini terlalu mahal.
MRLC-MALAY-GOVINFO-GUIDE-V1	Modern Spoken Malay: Source-Guided Course	B1 · Unit 11: Reusable Sentence Frames	B1	Sentence and Source Workshop	SELECT	SENTENCE PRACTICE / Complete the frame: “Saya tidak ___.” / Choose the best modern Malay response, then say it aloud.	Saya tidak memahami arahan itu.
MRLC-MALAY-GOVINFO-GUIDE-V1	Modern Spoken Malay: Source-Guided Course	B1 · Unit 11: Reusable Sentence Frames	B1	Sentence and Source Workshop	SELECT	SENTENCE PRACTICE / Complete the frame: “Berapa lama ___?” / Choose the best modern Malay response, then say it aloud.	Berapa lama perjalanan ini?
MRLC-MALAY-GOVINFO-GUIDE-V1	Modern Spoken Malay: Source-Guided Course	B2 · Unit 12: Extended Scenarios and Malay Then and Now	B2	Vocabulary and Audio	SELECT	Which modern Malay word or phrase means “formerly / in the past”? Listen, choose, and say it aloud.	dahulu
MRLC-MALAY-GOVINFO-GUIDE-V1	Modern Spoken Malay: Source-Guided Course	B2 · Unit 12: Extended Scenarios and Malay Then and Now	B2	Vocabulary and Audio	SELECT	Which modern Malay word or phrase means “now”? Listen, choose, and say it aloud.	sekarang
MRLC-MALAY-GOVINFO-GUIDE-V1	Modern Spoken Malay: Source-Guided Course	B2 · Unit 12: Extended Scenarios and Malay Then and Now	B2	Vocabulary and Audio	SELECT	Which modern Malay word or phrase means “spelling”? Listen, choose, and say it aloud.	ejaan
MRLC-MALAY-GOVINFO-GUIDE-V1	Modern Spoken Malay: Source-Guided Course	B2 · Unit 12: Extended Scenarios and Malay Then and Now	B2	Vocabulary and Audio	ASSIST	Which modern Malay word or phrase means “standard”? Listen, choose, and say it aloud.	baku
MRLC-MALAY-GOVINFO-GUIDE-V1	Modern Spoken Malay: Source-Guided Course	B2 · Unit 12: Extended Scenarios and Malay Then and Now	B2	Vocabulary and Audio	SELECT	Which modern Malay word or phrase means “language register”? Listen, choose, and say it aloud.	ragam bahasa
MRLC-MALAY-GOVINFO-GUIDE-V1	Modern Spoken Malay: Source-Guided Course	B2 · Unit 12: Extended Scenarios and Malay Then and Now	B2	Vocabulary and Audio	SELECT	Which modern Malay word or phrase means “formal / official”? Listen, choose, and say it aloud.	rasmi
MRLC-MALAY-GOVINFO-GUIDE-V1	Modern Spoken Malay: Source-Guided Course	B2 · Unit 12: Extended Scenarios and Malay Then and Now	B2	Vocabulary and Audio	SELECT	Which modern Malay word or phrase means “casual”? Listen, choose, and say it aloud.	santai
MRLC-MALAY-GOVINFO-GUIDE-V1	Modern Spoken Malay: Source-Guided Course	B2 · Unit 12: Extended Scenarios and Malay Then and Now	B2	Vocabulary and Audio	ASSIST	Which modern Malay word or phrase means “context”? Listen, choose, and say it aloud.	konteks
MRLC-MALAY-GOVINFO-GUIDE-V1	Modern Spoken Malay: Source-Guided Course	B2 · Unit 12: Extended Scenarios and Malay Then and Now	B2	Vocabulary and Audio	SELECT	Which modern Malay word or phrase means “explain”? Listen, choose, and say it aloud.	menjelaskan
MRLC-MALAY-GOVINFO-GUIDE-V1	Modern Spoken Malay: Source-Guided Course	B2 · Unit 12: Extended Scenarios and Malay Then and Now	B2	Vocabulary and Audio	SELECT	Which modern Malay word or phrase means “adapt”? Listen, choose, and say it aloud.	menyesuaikan
MRLC-MALAY-GOVINFO-GUIDE-V1	Modern Spoken Malay: Source-Guided Course	B2 · Unit 12: Extended Scenarios and Malay Then and Now	B2	Daily Speaking	SELECT	DAILY SPEAKING / Explain that the source uses old spelling. / Choose the best modern Malay response, then say it aloud.	Sumber itu menggunakan sistem ejaan lama.
MRLC-MALAY-GOVINFO-GUIDE-V1	Modern Spoken Malay: Source-Guided Course	B2 · Unit 12: Extended Scenarios and Malay Then and Now	B2	Daily Speaking	SELECT	DAILY SPEAKING / Say that the course uses current Malaysian Malay. / Choose the best modern Malay response, then say it aloud.	Kursus ini menggunakan bahasa Melayu Malaysia semasa.
MRLC-MALAY-GOVINFO-GUIDE-V1	Modern Spoken Malay: Source-Guided Course	B2 · Unit 12: Extended Scenarios and Malay Then and Now	B2	Daily Speaking	ASSIST	DAILY SPEAKING / Explain that “saja” in the source is now written “saya.” / Choose the best modern Malay response, then say it aloud.	Dalam sumber lama, “saja” digunakan untuk ejaan moden “saya”.
MRLC-MALAY-GOVINFO-GUIDE-V1	Modern Spoken Malay: Source-Guided Course	B2 · Unit 12: Extended Scenarios and Malay Then and Now	B2	Daily Speaking	SELECT	DAILY SPEAKING / Explain that “djalan” is now “jalan.” / Choose the best modern Malay response, then say it aloud.	Ejaan lama “djalan” kini ditulis “jalan”.
MRLC-MALAY-GOVINFO-GUIDE-V1	Modern Spoken Malay: Source-Guided Course	B2 · Unit 12: Extended Scenarios and Malay Then and Now	B2	Daily Speaking	SELECT	DAILY SPEAKING / Politely clarify a misunderstanding. / Choose the best modern Malay response, then say it aloud.	Maaf, maksud saya bukan begitu.
MRLC-MALAY-GOVINFO-GUIDE-V1	Modern Spoken Malay: Source-Guided Course	B2 · Unit 12: Extended Scenarios and Malay Then and Now	B2	Daily Speaking	ASSIST	DAILY SPEAKING / Ask someone to explain the context. / Choose the best modern Malay response, then say it aloud.	Boleh jelaskan konteksnya?
MRLC-MALAY-GOVINFO-GUIDE-V1	Modern Spoken Malay: Source-Guided Course	B2 · Unit 12: Extended Scenarios and Malay Then and Now	B2	Daily Speaking	SELECT	DAILY SPEAKING / Say that a casual form is unsuitable for a formal letter. / Choose the best modern Malay response, then say it aloud.	Bentuk santai itu tidak sesuai untuk surat rasmi.
MRLC-MALAY-GOVINFO-GUIDE-V1	Modern Spoken Malay: Source-Guided Course	B2 · Unit 12: Extended Scenarios and Malay Then and Now	B2	Daily Speaking	SELECT	DAILY SPEAKING / Summarise the practical value of the old guide. / Choose the best modern Malay response, then say it aloud.	Panduan lama itu berguna sebagai rekod sejarah dan sumber tema komunikasi harian.
MRLC-MALAY-GOVINFO-GUIDE-V1	Modern Spoken Malay: Source-Guided Course	B2 · Unit 12: Extended Scenarios and Malay Then and Now	B2	Scenario Practice	SELECT	SCENARIO DIALOGUE / A: Mengapa ejaan dalam sumber itu berbeza? / B: ... / Choose the best modern Malay response, then say it aloud.	Sumber itu diterbitkan pada tahun 1943 dan menggunakan ejaan lama.
MRLC-MALAY-GOVINFO-GUIDE-V1	Modern Spoken Malay: Source-Guided Course	B2 · Unit 12: Extended Scenarios and Malay Then and Now	B2	Scenario Practice	SELECT	SCENARIO DIALOGUE / A: Adakah semua frasa lama masih sesuai digunakan? / B: ... / Choose the best modern Malay response, then say it aloud.	Tidak. Kita perlu menilai ejaan, makna, konteks, dan kesopanan.
MRLC-MALAY-GOVINFO-GUIDE-V1	Modern Spoken Malay: Source-Guided Course	B2 · Unit 12: Extended Scenarios and Malay Then and Now	B2	Scenario Practice	ASSIST	SCENARIO DIALOGUE / Tetamu: Tempahan saya tidak ditemui. / Penyambut tetamu: ... / Choose the best modern Malay response, then say it aloud.	Boleh saya semak nombor pengesahan anda?
MRLC-MALAY-GOVINFO-GUIDE-V1	Modern Spoken Malay: Source-Guided Course	B2 · Unit 12: Extended Scenarios and Malay Then and Now	B2	Scenario Practice	SELECT	SCENARIO DIALOGUE / Pelanggan: Harga pada resit tidak sama dengan harga di rak. / Pekerja: ... / Choose the best modern Malay response, then say it aloud.	Maaf, saya akan semak dan betulkan jika perlu.
MRLC-MALAY-GOVINFO-GUIDE-V1	Modern Spoken Malay: Source-Guided Course	B2 · Unit 12: Extended Scenarios and Malay Then and Now	B2	Scenario Practice	SELECT	SCENARIO DIALOGUE / Pesakit: Saya tidak pasti cara mengambil ubat ini. / Ahli farmasi: ... / Choose the best modern Malay response, then say it aloud.	Saya akan jelaskan arahan itu langkah demi langkah.
MRLC-MALAY-GOVINFO-GUIDE-V1	Modern Spoken Malay: Source-Guided Course	B2 · Unit 12: Extended Scenarios and Malay Then and Now	B2	Scenario Practice	ASSIST	SCENARIO DIALOGUE / Penumpang: Saya terlepas kereta api kerana platform berubah. / Petugas: ... / Choose the best modern Malay response, then say it aloud.	Kami boleh menukar tiket anda ke perjalanan seterusnya.
MRLC-MALAY-GOVINFO-GUIDE-V1	Modern Spoken Malay: Source-Guided Course	B2 · Unit 12: Extended Scenarios and Malay Then and Now	B2	Sentence and Source Workshop	SELECT	SENTENCE PRACTICE / Choose the modern spelling of “Saja maoe.” / Choose the best modern Malay response, then say it aloud.	Saya mahu.
MRLC-MALAY-GOVINFO-GUIDE-V1	Modern Spoken Malay: Source-Guided Course	B2 · Unit 12: Extended Scenarios and Malay Then and Now	B2	Sentence and Source Workshop	SELECT	SENTENCE PRACTICE / Choose the modern spelling of “Poekoel berapa sekarang?” / Choose the best modern Malay response, then say it aloud.	Pukul berapa sekarang?
MRLC-MALAY-GOVINFO-GUIDE-V1	Modern Spoken Malay: Source-Guided Course	B2 · Unit 12: Extended Scenarios and Malay Then and Now	B2	Sentence and Source Workshop	ASSIST	SENTENCE PRACTICE / Choose the modern spelling of “Dimana roemah sakit?” / Choose the best modern Malay response, then say it aloud.	Di mana hospital?
MRLC-MALAY-GOVINFO-GUIDE-V1	Modern Spoken Malay: Source-Guided Course	B2 · Unit 12: Extended Scenarios and Malay Then and Now	B2	Sentence and Source Workshop	SELECT	SENTENCE PRACTICE / Choose the modern sign replacing “DILARANG MINOEM ROKOK.” / Choose the best modern Malay response, then say it aloud.	DILARANG MEROKOK
MRLC-MALAY-GOVINFO-GUIDE-V1	Modern Spoken Malay: Source-Guided Course	B2 · Unit 12: Extended Scenarios and Malay Then and Now	B2	Sentence and Source Workshop	SELECT	SENTENCE PRACTICE / Choose the best Malay sentence for “First I checked the schedule, then I bought the ticket.” / Choose the best modern Malay response, then say it aloud.	Mula-mula saya menyemak jadual, kemudian saya membeli tiket.
MRLC-MALAY-GOVINFO-GUIDE-V1	Modern Spoken Malay: Source-Guided Course	B2 · Unit 12: Extended Scenarios and Malay Then and Now	B2	Sentence and Source Workshop	ASSIST	SENTENCE PRACTICE / Choose the best Malay sentence for “Although the phrase is understandable, it sounds old-fashioned.” / Choose the best modern Malay response, then say it aloud.	Walaupun frasa itu dapat difahami, bunyinya sudah ketinggalan zaman.
MRLC-MALAY-GOVINFO-GUIDE-V1	Modern Spoken Malay: Source-Guided Course	B2 · Unit 12: Extended Scenarios and Malay Then and Now	B2	Sentence and Source Workshop	SELECT	SENTENCE PRACTICE / Choose the best Malay sentence for “We should adapt the material without losing its practical purpose.” / Choose the best modern Malay response, then say it aloud.	Kita patut menyesuaikan bahan itu tanpa menghilangkan tujuan praktikalnya.
MRLC-MALAY-GOVINFO-GUIDE-V1	Modern Spoken Malay: Source-Guided Course	B2 · Unit 12: Extended Scenarios and Malay Then and Now	B2	Sentence and Source Workshop	SELECT	SENTENCE PRACTICE / Choose the best Malay sentence for “In conclusion, context determines the most appropriate expression.” / Choose the best modern Malay response, then say it aloud.	Kesimpulannya, konteks menentukan ungkapan yang paling sesuai.
